file,line,type,commit,author,date,time,timezone,datetime,depth,length
style.css,1,css,33212a55,lukkrim,2026-04-09,09:27:13,-07:00,2026-04-09T09:27:13-07:00,0,4
style.css,2,css,33212a55,lukkrim,2026-04-09,09:27:13,-07:00,2026-04-09T09:27:13-07:00,1,31
style.css,3,css,33212a55,lukkrim,2026-04-09,09:27:13,-07:00,2026-04-09T09:27:13-07:00,1,32
style.css,4,css,cf2c6558,lukkrim,2026-04-14,22:52:10,-07:00,2026-04-14T22:52:10-07:00,1,17
style.css,5,css,33212a55,lukkrim,2026-04-09,09:27:13,-07:00,2026-04-09T09:27:13-07:00,0,0
style.css,6,css,33212a55,lukkrim,2026-04-09,09:27:13,-07:00,2026-04-09T09:27:13-07:00,0,0
style.css,7,css,81660f24,lukkrim,2026-04-01,18:30:35,-07:00,2026-04-01T18:30:35-07:00,0,4
style.css,8,css,81660f24,lukkrim,2026-04-01,18:30:35,-07:00,2026-04-01T18:30:35-07:00,2,23
style.css,9,css,33212a55,lukkrim,2026-04-09,09:27:13,-07:00,2026-04-09T09:27:13-07:00,2,15
style.css,10,css,33212a55,lukkrim,2026-04-09,09:27:13,-07:00,2026-04-09T09:27:13-07:00,2,42
style.css,11,css,33212a55,lukkrim,2026-04-09,09:27:13,-07:00,2026-04-09T09:27:13-07:00,0,0
style.css,12,css,33212a55,lukkrim,2026-04-09,09:27:13,-07:00,2026-04-09T09:27:13-07:00,0,0
style.css,13,css,33212a55,lukkrim,2026-04-09,09:27:13,-07:00,2026-04-09T09:27:13-07:00,0,3
style.css,14,css,33212a55,lukkrim,2026-04-09,09:27:13,-07:00,2026-04-09T09:27:13-07:00,1,14
style.css,15,css,33212a55,lukkrim,2026-04-09,09:27:13,-07:00,2026-04-09T09:27:13-07:00,1,11
style.css,16,css,33212a55,lukkrim,2026-04-09,09:27:13,-07:00,2026-04-09T09:27:13-07:00,0,0
style.css,17,css,33212a55,lukkrim,2026-04-09,09:27:13,-07:00,2026-04-09T09:27:13-07:00,0,0
style.css,18,css,33212a55,lukkrim,2026-04-09,09:27:13,-07:00,2026-04-09T09:27:13-07:00,0,3
style.css,19,css,cf2c6558,lukkrim,2026-04-14,22:52:10,-07:00,2026-04-14T22:52:10-07:00,1,39
style.css,20,css,33212a55,lukkrim,2026-04-09,09:27:13,-07:00,2026-04-09T09:27:13-07:00,1,12
style.css,21,css,33212a55,lukkrim,2026-04-09,09:27:13,-07:00,2026-04-09T09:27:13-07:00,1,18
style.css,22,css,4812874f,lukkrim,2026-04-30,18:00:07,-07:00,2026-04-30T18:00:07-07:00,1,14
style.css,23,css,33212a55,lukkrim,2026-04-09,09:27:13,-07:00,2026-04-09T09:27:13-07:00,1,17
style.css,24,css,33212a55,lukkrim,2026-04-09,09:27:13,-07:00,2026-04-09T09:27:13-07:00,1,23
style.css,25,css,33212a55,lukkrim,2026-04-09,09:27:13,-07:00,2026-04-09T09:27:13-07:00,1,25
style.css,26,css,cf2c6558,lukkrim,2026-04-14,22:52:10,-07:00,2026-04-14T22:52:10-07:00,1,39
style.css,27,css,33212a55,lukkrim,2026-04-09,09:27:13,-07:00,2026-04-09T09:27:13-07:00,0,0
style.css,28,css,33212a55,lukkrim,2026-04-09,09:27:13,-07:00,2026-04-09T09:27:13-07:00,1,0
style.css,29,css,33212a55,lukkrim,2026-04-09,09:27:13,-07:00,2026-04-09T09:27:13-07:00,2,6
style.css,30,css,33212a55,lukkrim,2026-04-09,09:27:13,-07:00,2026-04-09T09:27:13-07:00,2,20
style.css,31,css,33212a55,lukkrim,2026-04-09,09:27:13,-07:00,2026-04-09T09:27:13-07:00,2,13
style.css,32,css,33212a55,lukkrim,2026-04-09,09:27:13,-07:00,2026-04-09T09:27:13-07:00,2,17
style.css,33,css,33212a55,lukkrim,2026-04-09,09:27:13,-07:00,2026-04-09T09:27:13-07:00,2,13
style.css,34,css,33212a55,lukkrim,2026-04-09,09:27:13,-07:00,2026-04-09T09:27:13-07:00,0,0
style.css,35,css,33212a55,lukkrim,2026-04-09,09:27:13,-07:00,2026-04-09T09:27:13-07:00,2,9
style.css,36,css,33212a55,lukkrim,2026-04-09,09:27:13,-07:00,2026-04-09T09:27:13-07:00,3,16
style.css,37,css,33212a55,lukkrim,2026-04-09,09:27:13,-07:00,2026-04-09T09:27:13-07:00,3,25
style.css,38,css,33212a55,lukkrim,2026-04-09,09:27:13,-07:00,2026-04-09T09:27:13-07:00,3,25
style.css,39,css,cf2c6558,lukkrim,2026-04-14,22:52:10,-07:00,2026-04-14T22:52:10-07:00,3,39
style.css,40,css,33212a55,lukkrim,2026-04-09,09:27:13,-07:00,2026-04-09T09:27:13-07:00,3,21
style.css,41,css,33212a55,lukkrim,2026-04-09,09:27:13,-07:00,2026-04-09T09:27:13-07:00,2,0
style.css,42,css,33212a55,lukkrim,2026-04-09,09:27:13,-07:00,2026-04-09T09:27:13-07:00,0,0
style.css,43,css,33212a55,lukkrim,2026-04-09,09:27:13,-07:00,2026-04-09T09:27:13-07:00,2,7
style.css,44,css,33212a55,lukkrim,2026-04-09,09:27:13,-07:00,2026-04-09T09:27:13-07:00,3,16
style.css,45,css,33212a55,lukkrim,2026-04-09,09:27:13,-07:00,2026-04-09T09:27:13-07:00,3,25
style.css,46,css,33212a55,lukkrim,2026-04-09,09:27:13,-07:00,2026-04-09T09:27:13-07:00,3,25
style.css,47,css,33212a55,lukkrim,2026-04-09,09:27:13,-07:00,2026-04-09T09:27:13-07:00,3,47
style.css,48,css,33212a55,lukkrim,2026-04-09,09:27:13,-07:00,2026-04-09T09:27:13-07:00,3,21
style.css,49,css,33212a55,lukkrim,2026-04-09,09:27:13,-07:00,2026-04-09T09:27:13-07:00,2,0
style.css,50,css,33212a55,lukkrim,2026-04-09,09:27:13,-07:00,2026-04-09T09:27:13-07:00,1,0
style.css,51,css,33212a55,lukkrim,2026-04-09,09:27:13,-07:00,2026-04-09T09:27:13-07:00,0,0
style.css,52,css,33212a55,lukkrim,2026-04-09,09:27:13,-07:00,2026-04-09T09:27:13-07:00,0,0
style.css,53,css,33212a55,lukkrim,2026-04-09,09:27:13,-07:00,2026-04-09T09:27:13-07:00,0,22
style.css,54,css,33212a55,lukkrim,2026-04-09,09:27:13,-07:00,2026-04-09T09:27:13-07:00,1,15
style.css,55,css,33212a55,lukkrim,2026-04-09,09:27:13,-07:00,2026-04-09T09:27:13-07:00,1,17
style.css,56,css,cf2c6558,lukkrim,2026-04-14,22:52:10,-07:00,2026-04-14T22:52:10-07:00,0,0
style.css,57,css,cf2c6558,lukkrim,2026-04-14,22:52:10,-07:00,2026-04-14T22:52:10-07:00,0,0
style.css,58,css,cf2c6558,lukkrim,2026-04-14,22:52:10,-07:00,2026-04-14T22:52:10-07:00,0,13
style.css,59,css,cf2c6558,lukkrim,2026-04-14,22:52:10,-07:00,2026-04-14T22:52:10-07:00,1,17
style.css,60,css,cf2c6558,lukkrim,2026-04-14,22:52:10,-07:00,2026-04-14T22:52:10-07:00,1,8
style.css,61,css,cf2c6558,lukkrim,2026-04-14,22:52:10,-07:00,2026-04-14T22:52:10-07:00,1,10
style.css,62,css,cf2c6558,lukkrim,2026-04-14,22:52:10,-07:00,2026-04-14T22:52:10-07:00,1,13
style.css,63,css,e275be73,lukkrim,2026-04-22,22:47:24,-07:00,2026-04-22T22:47:24-07:00,0,0
style.css,64,css,e275be73,lukkrim,2026-04-22,22:47:24,-07:00,2026-04-22T22:47:24-07:00,0,0
style.css,65,css,e275be73,lukkrim,2026-04-22,22:47:24,-07:00,2026-04-22T22:47:24-07:00,0,2
style.css,66,css,e275be73,lukkrim,2026-04-22,22:47:24,-07:00,2026-04-22T22:47:24-07:00,1,12
style.css,67,css,e275be73,lukkrim,2026-04-22,22:47:24,-07:00,2026-04-22T22:47:24-07:00,1,36
style.css,68,css,e275be73,lukkrim,2026-04-22,22:47:24,-07:00,2026-04-22T22:47:24-07:00,1,15
style.css,69,css,e275be73,lukkrim,2026-04-22,22:47:24,-07:00,2026-04-22T22:47:24-07:00,1,13
style.css,70,css,e275be73,lukkrim,2026-04-22,22:47:24,-07:00,2026-04-22T22:47:24-07:00,0,0
style.css,71,css,e275be73,lukkrim,2026-04-22,22:47:24,-07:00,2026-04-22T22:47:24-07:00,0,2
style.css,72,css,e275be73,lukkrim,2026-04-22,22:47:24,-07:00,2026-04-22T22:47:24-07:00,1,10
style.css,73,css,e275be73,lukkrim,2026-04-22,22:47:24,-07:00,2026-04-22T22:47:24-07:00,1,15
style.css,74,css,e275be73,lukkrim,2026-04-22,22:47:24,-07:00,2026-04-22T22:47:24-07:00,1,13
style.css,75,css,e275be73,lukkrim,2026-04-22,22:47:24,-07:00,2026-04-22T22:47:24-07:00,0,0
style.css,76,css,e275be73,lukkrim,2026-04-22,22:47:24,-07:00,2026-04-22T22:47:24-07:00,0,2
style.css,77,css,e275be73,lukkrim,2026-04-22,22:47:24,-07:00,2026-04-22T22:47:24-07:00,1,10
style.css,78,css,e275be73,lukkrim,2026-04-22,22:47:24,-07:00,2026-04-22T22:47:24-07:00,1,36
style.css,79,css,e275be73,lukkrim,2026-04-22,22:47:24,-07:00,2026-04-22T22:47:24-07:00,1,14
style.css,80,css,33212a55,lukkrim,2026-04-09,09:27:13,-07:00,2026-04-09T09:27:13-07:00,0,0
index.js,1,js,e275be73,lukkrim,2026-04-22,22:47:24,-07:00,2026-04-22T22:47:24-07:00,0,70
index.js,2,js,e275be73,lukkrim,2026-04-22,22:47:24,-07:00,2026-04-22T22:47:24-07:00,0,0
index.js,3,js,e275be73,lukkrim,2026-04-22,22:47:24,-07:00,2026-04-22T22:47:24-07:00,0,54
index.js,4,js,e275be73,lukkrim,2026-04-22,22:47:24,-07:00,2026-04-22T22:47:24-07:00,0,42
index.js,5,js,e275be73,lukkrim,2026-04-22,22:47:24,-07:00,2026-04-22T22:47:24-07:00,0,0
index.js,6,js,e275be73,lukkrim,2026-04-22,22:47:24,-07:00,2026-04-22T22:47:24-07:00,0,60
index.js,7,js,e275be73,lukkrim,2026-04-22,22:47:24,-07:00,2026-04-22T22:47:24-07:00,0,54
index.js,8,js,e275be73,lukkrim,2026-04-22,22:47:24,-07:00,2026-04-22T22:47:24-07:00,0,0
index.js,9,js,e275be73,lukkrim,2026-04-22,22:47:24,-07:00,2026-04-22T22:47:24-07:00,0,50
index.js,10,js,e275be73,lukkrim,2026-04-22,22:47:24,-07:00,2026-04-22T22:47:24-07:00,0,60
index.js,11,js,e275be73,lukkrim,2026-04-22,22:47:24,-07:00,2026-04-22T22:47:24-07:00,0,17
index.js,12,js,e275be73,lukkrim,2026-04-22,22:47:24,-07:00,2026-04-22T22:47:24-07:00,2,24
index.js,13,js,e275be73,lukkrim,2026-04-22,22:47:24,-07:00,2026-04-22T22:47:24-07:00,5,2
index.js,14,js,e275be73,lukkrim,2026-04-22,22:47:24,-07:00,2026-04-22T22:47:24-07:00,6,55
index.js,15,js,e275be73,lukkrim,2026-04-22,22:47:24,-07:00,2026-04-22T22:47:24-07:00,6,55
index.js,16,js,e275be73,lukkrim,2026-04-22,22:47:24,-07:00,2026-04-22T22:47:24-07:00,6,49
index.js,17,js,e275be73,lukkrim,2026-04-22,22:47:24,-07:00,2026-04-22T22:47:24-07:00,6,49
index.js,18,js,e275be73,lukkrim,2026-04-22,22:47:24,-07:00,2026-04-22T22:47:24-07:00,5,3
index.js,19,js,e275be73,lukkrim,2026-04-22,22:47:24,-07:00,2026-04-22T22:47:24-07:00,3,0
index.js,20,js,e275be73,lukkrim,2026-04-22,22:47:24,-07:00,2026-04-22T22:47:24-07:00,1,0
index.html,1,html,efa76b4,lukkrim,2026-04-01,15:12:32,-07:00,2026-04-01T15:12:32-07:00,0,13
index.html,2,html,efa76b4,lukkrim,2026-04-01,15:12:32,-07:00,2026-04-01T15:12:32-07:00,0,14
index.html,3,html,efa76b4,lukkrim,2026-04-01,15:12:32,-07:00,2026-04-01T15:12:32-07:00,0,4
index.html,4,html,efa76b4,lukkrim,2026-04-01,15:12:32,-07:00,2026-04-01T15:12:32-07:00,2,20
index.html,5,html,efa76b4,lukkrim,2026-04-01,15:12:32,-07:00,2026-04-01T15:12:32-07:00,2,68
index.html,6,html,efa76b4,lukkrim,2026-04-01,15:12:32,-07:00,2026-04-01T15:12:32-07:00,2,52
index.html,7,html,81660f24,lukkrim,2026-04-01,18:30:35,-07:00,2026-04-01T18:30:35-07:00,2,38
index.html,8,html,cf2c6558,lukkrim,2026-04-14,22:52:10,-07:00,2026-04-14T22:52:10-07:00,2,45
index.html,9,html,e275be73,lukkrim,2026-04-22,22:47:24,-07:00,2026-04-22T22:47:24-07:00,2,50
index.html,10,html,e275be73,lukkrim,2026-04-22,22:47:24,-07:00,2026-04-22T22:47:24-07:00,0,0
index.html,11,html,efa76b4,lukkrim,2026-04-01,15:12:32,-07:00,2026-04-01T15:12:32-07:00,0,5
index.html,12,html,efa76b4,lukkrim,2026-04-01,15:12:32,-07:00,2026-04-01T15:12:32-07:00,0,4
index.html,13,html,cf2c6558,lukkrim,2026-04-14,22:52:10,-07:00,2026-04-14T22:52:10-07:00,2,8
index.html,14,html,cf2c6558,lukkrim,2026-04-14,22:52:10,-07:00,2026-04-14T22:52:10-07:00,4,27
index.html,15,html,33212a55,lukkrim,2026-04-09,09:27:13,-07:00,2026-04-09T09:27:13-07:00,4,40
index.html,16,html,33212a55,lukkrim,2026-04-09,09:27:13,-07:00,2026-04-09T09:27:13-07:00,4,38
index.html,17,html,33212a55,lukkrim,2026-04-09,09:27:13,-07:00,2026-04-09T09:27:13-07:00,4,28
index.html,18,html,33212a55,lukkrim,2026-04-09,09:27:13,-07:00,2026-04-09T09:27:13-07:00,4,61
index.html,19,html,cf2c6558,lukkrim,2026-04-14,22:52:10,-07:00,2026-04-14T22:52:10-07:00,2,8
index.html,20,html,33212a55,lukkrim,2026-04-09,09:27:13,-07:00,2026-04-09T09:27:13-07:00,0,0
index.html,21,html,efa76b4,lukkrim,2026-04-01,15:12:32,-07:00,2026-04-01T15:12:32-07:00,2,17
index.html,22,html,33212a55,lukkrim,2026-04-09,09:27:13,-07:00,2026-04-09T09:27:13-07:00,2,88
index.html,23,html,33212a55,lukkrim,2026-04-09,09:27:13,-07:00,2026-04-09T09:27:13-07:00,4,67
index.html,24,html,81660f24,lukkrim,2026-04-01,18:30:35,-07:00,2026-04-01T18:30:35-07:00,0,0
index.html,25,html,81660f24,lukkrim,2026-04-01,18:30:35,-07:00,2026-04-01T18:30:35-07:00,2,68
index.html,26,html,81660f24,lukkrim,2026-04-01,18:30:35,-07:00,2026-04-01T18:30:35-07:00,2,23
index.html,27,html,81660f24,lukkrim,2026-04-01,18:30:35,-07:00,2026-04-01T18:30:35-07:00,0,0
index.html,28,html,e275be73,lukkrim,2026-04-22,22:47:24,-07:00,2026-04-22T22:47:24-07:00,2,22
index.html,29,html,e275be73,lukkrim,2026-04-22,22:47:24,-07:00,2026-04-22T22:47:24-07:00,2,26
index.html,30,html,e275be73,lukkrim,2026-04-22,22:47:24,-07:00,2026-04-22T22:47:24-07:00,0,0
index.html,31,html,e275be73,lukkrim,2026-04-22,22:47:24,-07:00,2026-04-22T22:47:24-07:00,2,30
index.html,32,html,e275be73,lukkrim,2026-04-22,22:47:24,-07:00,2026-04-22T22:47:24-07:00,2,28
index.html,33,html,efa76b4,lukkrim,2026-04-01,15:12:32,-07:00,2026-04-01T15:12:32-07:00,0,5
index.html,34,html,efa76b4,lukkrim,2026-04-01,15:12:32,-07:00,2026-04-01T15:12:32-07:00,0,5
global.js,1,js,cf2c6558,lukkrim,2026-04-14,22:52:10,-07:00,2026-04-14T22:52:10-07:00,0,28
global.js,2,js,cf2c6558,lukkrim,2026-04-14,22:52:10,-07:00,2026-04-14T22:52:10-07:00,0,0
global.js,3,js,cf2c6558,lukkrim,2026-04-14,22:52:10,-07:00,2026-04-14T22:52:10-07:00,0,44
global.js,4,js,cf2c6558,lukkrim,2026-04-14,22:52:10,-07:00,2026-04-14T22:52:10-07:00,0,57
global.js,5,js,cf2c6558,lukkrim,2026-04-14,22:52:10,-07:00,2026-04-14T22:52:10-07:00,0,2
global.js,6,js,cf2c6558,lukkrim,2026-04-14,22:52:10,-07:00,2026-04-14T22:52:10-07:00,0,0
global.js,7,js,cf2c6558,lukkrim,2026-04-14,22:52:10,-07:00,2026-04-14T22:52:10-07:00,0,24
global.js,8,js,cf2c6558,lukkrim,2026-04-14,22:52:10,-07:00,2026-04-14T22:52:10-07:00,0,0
global.js,9,js,cf2c6558,lukkrim,2026-04-14,22:52:10,-07:00,2026-04-14T22:52:10-07:00,0,33
global.js,10,js,cf2c6558,lukkrim,2026-04-14,22:52:10,-07:00,2026-04-14T22:52:10-07:00,0,73
global.js,11,js,cf2c6558,lukkrim,2026-04-14,22:52:10,-07:00,2026-04-14T22:52:10-07:00,0,3
global.js,12,js,cf2c6558,lukkrim,2026-04-14,22:52:10,-07:00,2026-04-14T22:52:10-07:00,0,0
global.js,13,js,cf2c6558,lukkrim,2026-04-14,22:52:10,-07:00,2026-04-14T22:52:10-07:00,0,19
global.js,14,js,cf2c6558,lukkrim,2026-04-14,22:52:10,-07:00,2026-04-14T22:52:10-07:00,0,42
global.js,15,js,cf2c6558,lukkrim,2026-04-14,22:52:10,-07:00,2026-04-14T22:52:10-07:00,0,2
global.js,16,js,cf2c6558,lukkrim,2026-04-14,22:52:10,-07:00,2026-04-14T22:52:10-07:00,0,0
global.js,17,js,cf2c6558,lukkrim,2026-04-14,22:52:10,-07:00,2026-04-14T22:52:10-07:00,0,88
global.js,18,js,cf2c6558,lukkrim,2026-04-14,22:52:10,-07:00,2026-04-14T22:52:10-07:00,1,47
global.js,19,js,cf2c6558,lukkrim,2026-04-14,22:52:10,-07:00,2026-04-14T22:52:10-07:00,1,45
global.js,20,js,cf2c6558,lukkrim,2026-04-14,22:52:10,-07:00,2026-04-14T22:52:10-07:00,0,0
global.js,21,js,cf2c6558,lukkrim,2026-04-14,22:52:10,-07:00,2026-04-14T22:52:10-07:00,0,11
global.js,22,js,cf2c6558,lukkrim,2026-04-14,22:52:10,-07:00,2026-04-14T22:52:10-07:00,2,25
global.js,23,js,cf2c6558,lukkrim,2026-04-14,22:52:10,-07:00,2026-04-14T22:52:10-07:00,2,38
global.js,24,js,cf2c6558,lukkrim,2026-04-14,22:52:10,-07:00,2026-04-14T22:52:10-07:00,2,36
global.js,25,js,cf2c6558,lukkrim,2026-04-14,22:52:10,-07:00,2026-04-14T22:52:10-07:00,2,26
global.js,26,js,00000000,Not Committed Yet,2026-05-08,13:28:48,-07:00,2026-05-08T13:28:48-07:00,2,29
global.js,27,js,cf2c6558,lukkrim,2026-04-14,22:52:10,-07:00,2026-04-14T22:52:10-07:00,2,53
global.js,28,js,cf2c6558,lukkrim,2026-04-14,22:52:10,-07:00,2026-04-14T22:52:10-07:00,1,0
global.js,29,js,cf2c6558,lukkrim,2026-04-14,22:52:10,-07:00,2026-04-14T22:52:10-07:00,0,0
global.js,30,js,cf2c6558,lukkrim,2026-04-14,22:52:10,-07:00,2026-04-14T22:52:10-07:00,0,38
global.js,31,js,cf2c6558,lukkrim,2026-04-14,22:52:10,-07:00,2026-04-14T22:52:10-07:00,0,25
global.js,32,js,cf2c6558,lukkrim,2026-04-14,22:52:10,-07:00,2026-04-14T22:52:10-07:00,0,0
global.js,33,js,cf2c6558,lukkrim,2026-04-14,22:52:10,-07:00,2026-04-14T22:52:10-07:00,0,31
global.js,34,js,cf2c6558,lukkrim,2026-04-14,22:52:10,-07:00,2026-04-14T22:52:10-07:00,1,11
global.js,35,js,cf2c6558,lukkrim,2026-04-14,22:52:10,-07:00,2026-04-14T22:52:10-07:00,1,0
global.js,36,js,cf2c6558,lukkrim,2026-04-14,22:52:10,-07:00,2026-04-14T22:52:10-07:00,2,26
global.js,37,js,cf2c6558,lukkrim,2026-04-14,22:52:10,-07:00,2026-04-14T22:52:10-07:00,3,4
global.js,38,js,cf2c6558,lukkrim,2026-04-14,22:52:10,-07:00,2026-04-14T22:52:10-07:00,3,24
global.js,39,js,cf2c6558,lukkrim,2026-04-14,22:52:10,-07:00,2026-04-14T22:52:10-07:00,4,43
global.js,40,js,cf2c6558,lukkrim,2026-04-14,22:52:10,-07:00,2026-04-14T22:52:10-07:00,4,34
global.js,41,js,cf2c6558,lukkrim,2026-04-14,22:52:10,-07:00,2026-04-14T22:52:10-07:00,4,32
global.js,42,js,cf2c6558,lukkrim,2026-04-14,22:52:10,-07:00,2026-04-14T22:52:10-07:00,3,7
global.js,43,js,cf2c6558,lukkrim,2026-04-14,22:52:10,-07:00,2026-04-14T22:52:10-07:00,2,6
global.js,44,js,cf2c6558,lukkrim,2026-04-14,22:52:10,-07:00,2026-04-14T22:52:10-07:00,1,0
global.js,45,js,cf2c6558,lukkrim,2026-04-14,22:52:10,-07:00,2026-04-14T22:52:10-07:00,0,0
global.js,46,js,cf2c6558,lukkrim,2026-04-14,22:52:10,-07:00,2026-04-14T22:52:10-07:00,0,0
global.js,47,js,cf2c6558,lukkrim,2026-04-14,22:52:10,-07:00,2026-04-14T22:52:10-07:00,0,20
global.js,48,js,cf2c6558,lukkrim,2026-04-14,22:52:10,-07:00,2026-04-14T22:52:10-07:00,2,14
global.js,49,js,cf2c6558,lukkrim,2026-04-14,22:52:10,-07:00,2026-04-14T22:52:10-07:00,2,18
global.js,50,js,cf2c6558,lukkrim,2026-04-14,22:52:10,-07:00,2026-04-14T22:52:10-07:00,2,41
global.js,51,js,cf2c6558,lukkrim,2026-04-14,22:52:10,-07:00,2026-04-14T22:52:10-07:00,2,52
global.js,52,js,cf2c6558,lukkrim,2026-04-14,22:52:10,-07:00,2026-04-14T22:52:10-07:00,0,0
global.js,53,js,cf2c6558,lukkrim,2026-04-14,22:52:10,-07:00,2026-04-14T22:52:10-07:00,2,34
global.js,54,js,cf2c6558,lukkrim,2026-04-14,22:52:10,-07:00,2026-04-14T22:52:10-07:00,2,11
global.js,55,js,cf2c6558,lukkrim,2026-04-14,22:52:10,-07:00,2026-04-14T22:52:10-07:00,2,17
global.js,56,js,cf2c6558,lukkrim,2026-04-14,22:52:10,-07:00,2026-04-14T22:52:10-07:00,3,8
global.js,57,js,cf2c6558,lukkrim,2026-04-14,22:52:10,-07:00,2026-04-14T22:52:10-07:00,3,59
global.js,58,js,cf2c6558,lukkrim,2026-04-14,22:52:10,-07:00,2026-04-14T22:52:10-07:00,2,0
global.js,59,js,cf2c6558,lukkrim,2026-04-14,22:52:10,-07:00,2026-04-14T22:52:10-07:00,0,0
global.js,60,js,cf2c6558,lukkrim,2026-04-14,22:52:10,-07:00,2026-04-14T22:52:10-07:00,2,55
global.js,61,js,cf2c6558,lukkrim,2026-04-14,22:52:10,-07:00,2026-04-14T22:52:10-07:00,0,0
global.js,62,js,cf2c6558,lukkrim,2026-04-14,22:52:10,-07:00,2026-04-14T22:52:10-07:00,2,20
global.js,63,js,cf2c6558,lukkrim,2026-04-14,22:52:10,-07:00,2026-04-14T22:52:10-07:00,2,12
global.js,64,js,cf2c6558,lukkrim,2026-04-14,22:52:10,-07:00,2026-04-14T22:52:10-07:00,0,0
global.js,65,js,cf2c6558,lukkrim,2026-04-14,22:52:10,-07:00,2026-04-14T22:52:10-07:00,0,0
global.js,66,js,cf2c6558,lukkrim,2026-04-14,22:52:10,-07:00,2026-04-14T22:52:10-07:00,0,53
global.js,67,js,cf2c6558,lukkrim,2026-04-14,22:52:10,-07:00,2026-04-14T22:52:10-07:00,0,0
global.js,68,js,cf2c6558,lukkrim,2026-04-14,22:52:10,-07:00,2026-04-14T22:52:10-07:00,0,34
global.js,69,js,cf2c6558,lukkrim,2026-04-14,22:52:10,-07:00,2026-04-14T22:52:10-07:00,1,43
global.js,70,js,cf2c6558,lukkrim,2026-04-14,22:52:10,-07:00,2026-04-14T22:52:10-07:00,1,70
global.js,71,js,cf2c6558,lukkrim,2026-04-14,22:52:10,-07:00,2026-04-14T22:52:10-07:00,1,25
global.js,72,js,cf2c6558,lukkrim,2026-04-14,22:52:10,-07:00,2026-04-14T22:52:10-07:00,0,0
global.js,73,js,cf2c6558,lukkrim,2026-04-14,22:52:10,-07:00,2026-04-14T22:52:10-07:00,0,0
global.js,74,js,cf2c6558,lukkrim,2026-04-14,22:52:10,-07:00,2026-04-14T22:52:10-07:00,0,49
global.js,75,js,cf2c6558,lukkrim,2026-04-14,22:52:10,-07:00,2026-04-14T22:52:10-07:00,1,77
global.js,76,js,cf2c6558,lukkrim,2026-04-14,22:52:10,-07:00,2026-04-14T22:52:10-07:00,1,44
global.js,77,js,cf2c6558,lukkrim,2026-04-14,22:52:10,-07:00,2026-04-14T22:52:10-07:00,0,1
global.js,78,js,e275be73,lukkrim,2026-04-22,22:47:24,-07:00,2026-04-22T22:47:24-07:00,0,0
global.js,79,js,e275be73,lukkrim,2026-04-22,22:47:24,-07:00,2026-04-22T22:47:24-07:00,0,0
global.js,80,js,e275be73,lukkrim,2026-04-22,22:47:24,-07:00,2026-04-22T22:47:24-07:00,0,0
global.js,81,js,e275be73,lukkrim,2026-04-22,22:47:24,-07:00,2026-04-22T22:47:24-07:00,0,0
global.js,82,js,e275be73,lukkrim,2026-04-22,22:47:24,-07:00,2026-04-22T22:47:24-07:00,0,19
global.js,83,js,e275be73,lukkrim,2026-04-22,22:47:24,-07:00,2026-04-22T22:47:24-07:00,0,36
global.js,84,js,e275be73,lukkrim,2026-04-22,22:47:24,-07:00,2026-04-22T22:47:24-07:00,1,3
global.js,85,js,e275be73,lukkrim,2026-04-22,22:47:24,-07:00,2026-04-22T22:47:24-07:00,2,39
global.js,86,js,e275be73,lukkrim,2026-04-22,22:47:24,-07:00,2026-04-22T22:47:24-07:00,2,32
global.js,87,js,e275be73,lukkrim,2026-04-22,22:47:24,-07:00,2026-04-22T22:47:24-07:00,2,17
global.js,88,js,e275be73,lukkrim,2026-04-22,22:47:24,-07:00,2026-04-22T22:47:24-07:00,3,66
global.js,89,js,e275be73,lukkrim,2026-04-22,22:47:24,-07:00,2026-04-22T22:47:24-07:00,2,0
global.js,90,js,e275be73,lukkrim,2026-04-22,22:47:24,-07:00,2026-04-22T22:47:24-07:00,2,19
global.js,91,js,e275be73,lukkrim,2026-04-22,22:47:24,-07:00,2026-04-22T22:47:24-07:00,0,0
global.js,92,js,e275be73,lukkrim,2026-04-22,22:47:24,-07:00,2026-04-22T22:47:24-07:00,2,33
global.js,93,js,e275be73,lukkrim,2026-04-22,22:47:24,-07:00,2026-04-22T22:47:24-07:00,2,10
global.js,94,js,e275be73,lukkrim,2026-04-22,22:47:24,-07:00,2026-04-22T22:47:24-07:00,0,0
global.js,95,js,e275be73,lukkrim,2026-04-22,22:47:24,-07:00,2026-04-22T22:47:24-07:00,1,15
global.js,96,js,e275be73,lukkrim,2026-04-22,22:47:24,-07:00,2026-04-22T22:47:24-07:00,2,59
global.js,97,js,e275be73,lukkrim,2026-04-22,22:47:24,-07:00,2026-04-22T22:47:24-07:00,1,0
global.js,98,js,e275be73,lukkrim,2026-04-22,22:47:24,-07:00,2026-04-22T22:47:24-07:00,0,0
global.js,99,js,e275be73,lukkrim,2026-04-22,22:47:24,-07:00,2026-04-22T22:47:24-07:00,0,0
global.js,100,js,e275be73,lukkrim,2026-04-22,22:47:24,-07:00,2026-04-22T22:47:24-07:00,0,79
global.js,101,js,e275be73,lukkrim,2026-04-22,22:47:24,-07:00,2026-04-22T22:47:24-07:00,1,28
global.js,102,js,e275be73,lukkrim,2026-04-22,22:47:24,-07:00,2026-04-22T22:47:24-07:00,1,58
global.js,103,js,e275be73,lukkrim,2026-04-22,22:47:24,-07:00,2026-04-22T22:47:24-07:00,2,56
global.js,104,js,e275be73,lukkrim,2026-04-22,22:47:24,-07:00,2026-04-22T22:47:24-07:00,1,0
global.js,105,js,e275be73,lukkrim,2026-04-22,22:47:24,-07:00,2026-04-22T22:47:24-07:00,1,30
global.js,106,js,e275be73,lukkrim,2026-04-22,22:47:24,-07:00,2026-04-22T22:47:24-07:00,0,0
global.js,107,js,e275be73,lukkrim,2026-04-22,22:47:24,-07:00,2026-04-22T22:47:24-07:00,1,31
global.js,108,js,e275be73,lukkrim,2026-04-22,22:47:24,-07:00,2026-04-22T22:47:24-07:00,2,48
global.js,109,js,e275be73,lukkrim,2026-04-22,22:47:24,-07:00,2026-04-22T22:47:24-07:00,2,19
global.js,110,js,4812874f,lukkrim,2026-04-30,18:00:07,-07:00,2026-04-30T18:00:07-07:00,3,3
global.js,111,js,4812874f,lukkrim,2026-04-30,18:00:07,-07:00,2026-04-30T18:00:07-07:00,4,49
global.js,112,js,4812874f,lukkrim,2026-04-30,18:00:07,-07:00,2026-04-30T18:00:07-07:00,4,49
global.js,113,js,4812874f,lukkrim,2026-04-30,18:00:07,-07:00,2026-04-30T18:00:07-07:00,4,27
global.js,114,js,4812874f,lukkrim,2026-04-30,18:00:07,-07:00,2026-04-30T18:00:07-07:00,3,4
global.js,115,js,4812874f,lukkrim,2026-04-30,18:00:07,-07:00,2026-04-30T18:00:07-07:00,3,50
global.js,116,js,e275be73,lukkrim,2026-04-22,22:47:24,-07:00,2026-04-22T22:47:24-07:00,2,0
global.js,117,js,e275be73,lukkrim,2026-04-22,22:47:24,-07:00,2026-04-22T22:47:24-07:00,2,36
global.js,118,js,e275be73,lukkrim,2026-04-22,22:47:24,-07:00,2026-04-22T22:47:24-07:00,1,0
global.js,119,js,e275be73,lukkrim,2026-04-22,22:47:24,-07:00,2026-04-22T22:47:24-07:00,0,0
global.js,120,js,e275be73,lukkrim,2026-04-22,22:47:24,-07:00,2026-04-22T22:47:24-07:00,0,0
global.js,121,js,e275be73,lukkrim,2026-04-22,22:47:24,-07:00,2026-04-22T22:47:24-07:00,0,39
global.js,122,js,e275be73,lukkrim,2026-04-22,22:47:24,-07:00,2026-04-22T22:47:24-07:00,1,21
global.js,123,js,e275be73,lukkrim,2026-04-22,22:47:24,-07:00,2026-04-22T22:47:24-07:00,0,0
global.js,124,js,e275be73,lukkrim,2026-04-22,22:47:24,-07:00,2026-04-22T22:47:24-07:00,0,0
global.js,125,js,e275be73,lukkrim,2026-04-22,22:47:24,-07:00,2026-04-22T22:47:24-07:00,0,47
global.js,126,js,e275be73,lukkrim,2026-04-22,22:47:24,-07:00,2026-04-22T22:47:24-07:00,1,59
global.js,127,js,e275be73,lukkrim,2026-04-22,22:47:24,-07:00,2026-04-22T22:47:24-07:00,0,0
projects/projects.js,1,js,e275be73,lukkrim,2026-04-22,22:47:24,-07:00,2026-04-22T22:47:24-07:00,0,70
projects/projects.js,2,js,4812874f,lukkrim,2026-04-30,18:00:07,-07:00,2026-04-30T18:00:07-07:00,0,63
projects/projects.js,3,js,e275be73,lukkrim,2026-04-22,22:47:24,-07:00,2026-04-22T22:47:24-07:00,0,0
projects/projects.js,4,js,e275be73,lukkrim,2026-04-22,22:47:24,-07:00,2026-04-22T22:47:24-07:00,0,55
projects/projects.js,5,js,e275be73,lukkrim,2026-04-22,22:47:24,-07:00,2026-04-22T22:47:24-07:00,0,60
projects/projects.js,6,js,e275be73,lukkrim,2026-04-22,22:47:24,-07:00,2026-04-22T22:47:24-07:00,0,45
projects/projects.js,7,js,e275be73,lukkrim,2026-04-22,22:47:24,-07:00,2026-04-22T22:47:24-07:00,0,0
projects/projects.js,8,js,e275be73,lukkrim,2026-04-22,22:47:24,-07:00,2026-04-22T22:47:24-07:00,0,56
projects/projects.js,9,js,e275be73,lukkrim,2026-04-22,22:47:24,-07:00,2026-04-22T22:47:24-07:00,0,12
projects/projects.js,10,js,e275be73,lukkrim,2026-04-22,22:47:24,-07:00,2026-04-22T22:47:24-07:00,1,82
projects/projects.js,11,js,e275be73,lukkrim,2026-04-22,22:47:24,-07:00,2026-04-22T22:47:24-07:00,0,0
projects/projects.js,12,js,4812874f,lukkrim,2026-04-30,18:00:07,-07:00,2026-04-30T18:00:07-07:00,0,0
projects/projects.js,13,js,4812874f,lukkrim,2026-04-30,18:00:07,-07:00,2026-04-30T18:00:07-07:00,0,57
projects/projects.js,14,js,4812874f,lukkrim,2026-04-30,18:00:07,-07:00,2026-04-30T18:00:07-07:00,0,47
projects/projects.js,15,js,4812874f,lukkrim,2026-04-30,18:00:07,-07:00,2026-04-30T18:00:07-07:00,0,0
projects/projects.js,16,js,4812874f,lukkrim,2026-04-30,18:00:07,-07:00,2026-04-30T18:00:07-07:00,0,18
projects/projects.js,17,js,4812874f,lukkrim,2026-04-30,18:00:07,-07:00,2026-04-30T18:00:07-07:00,0,13
projects/projects.js,18,js,4812874f,lukkrim,2026-04-30,18:00:07,-07:00,2026-04-30T18:00:07-07:00,0,22
projects/projects.js,19,js,4812874f,lukkrim,2026-04-30,18:00:07,-07:00,2026-04-30T18:00:07-07:00,0,29
projects/projects.js,20,js,4812874f,lukkrim,2026-04-30,18:00:07,-07:00,2026-04-30T18:00:07-07:00,0,0
projects/projects.js,21,js,4812874f,lukkrim,2026-04-30,18:00:07,-07:00,2026-04-30T18:00:07-07:00,0,53
projects/projects.js,22,js,4812874f,lukkrim,2026-04-30,18:00:07,-07:00,2026-04-30T18:00:07-07:00,0,0
projects/projects.js,23,js,e90eba48,lukkrim,2026-04-30,18:31:27,-07:00,2026-04-30T18:31:27-07:00,0,0
projects/projects.js,24,js,4812874f,lukkrim,2026-04-30,18:00:07,-07:00,2026-04-30T18:00:07-07:00,0,32
projects/projects.js,25,js,4812874f,lukkrim,2026-04-30,18:00:07,-07:00,2026-04-30T18:00:07-07:00,1,20
projects/projects.js,26,js,4812874f,lukkrim,2026-04-30,18:00:07,-07:00,2026-04-30T18:00:07-07:00,1,10
projects/projects.js,27,js,4812874f,lukkrim,2026-04-30,18:00:07,-07:00,2026-04-30T18:00:07-07:00,2,29
projects/projects.js,28,js,4812874f,lukkrim,2026-04-30,18:00:07,-07:00,2026-04-30T18:00:07-07:00,3,53
projects/projects.js,29,js,4812874f,lukkrim,2026-04-30,18:00:07,-07:00,2026-04-30T18:00:07-07:00,3,42
projects/projects.js,30,js,4812874f,lukkrim,2026-04-30,18:00:07,-07:00,2026-04-30T18:00:07-07:00,2,1
projects/projects.js,31,js,4812874f,lukkrim,2026-04-30,18:00:07,-07:00,2026-04-30T18:00:07-07:00,1,0
projects/projects.js,32,js,4812874f,lukkrim,2026-04-30,18:00:07,-07:00,2026-04-30T18:00:07-07:00,1,26
projects/projects.js,33,js,4812874f,lukkrim,2026-04-30,18:00:07,-07:00,2026-04-30T18:00:07-07:00,2,53
projects/projects.js,34,js,4812874f,lukkrim,2026-04-30,18:00:07,-07:00,2026-04-30T18:00:07-07:00,1,0
projects/projects.js,35,js,4812874f,lukkrim,2026-04-30,18:00:07,-07:00,2026-04-30T18:00:07-07:00,1,23
projects/projects.js,36,js,4812874f,lukkrim,2026-04-30,18:00:07,-07:00,2026-04-30T18:00:07-07:00,0,0
projects/projects.js,37,js,4812874f,lukkrim,2026-04-30,18:00:07,-07:00,2026-04-30T18:00:07-07:00,0,0
projects/projects.js,38,js,e90eba48,lukkrim,2026-04-30,18:31:27,-07:00,2026-04-30T18:31:27-07:00,0,0
projects/projects.js,39,js,4812874f,lukkrim,2026-04-30,18:00:07,-07:00,2026-04-30T18:00:07-07:00,0,30
projects/projects.js,40,js,4812874f,lukkrim,2026-04-30,18:00:07,-07:00,2026-04-30T18:00:07-07:00,1,26
projects/projects.js,41,js,4812874f,lukkrim,2026-04-30,18:00:07,-07:00,2026-04-30T18:00:07-07:00,1,29
projects/projects.js,42,js,4812874f,lukkrim,2026-04-30,18:00:07,-07:00,2026-04-30T18:00:07-07:00,2,53
projects/projects.js,43,js,4812874f,lukkrim,2026-04-30,18:00:07,-07:00,2026-04-30T18:00:07-07:00,2,42
projects/projects.js,44,js,4812874f,lukkrim,2026-04-30,18:00:07,-07:00,2026-04-30T18:00:07-07:00,1,1
projects/projects.js,45,js,4812874f,lukkrim,2026-04-30,18:00:07,-07:00,2026-04-30T18:00:07-07:00,0,0
projects/projects.js,46,js,4812874f,lukkrim,2026-04-30,18:00:07,-07:00,2026-04-30T18:00:07-07:00,0,0
projects/projects.js,47,js,e90eba48,lukkrim,2026-04-30,18:31:27,-07:00,2026-04-30T18:31:27-07:00,0,0
projects/projects.js,48,js,4812874f,lukkrim,2026-04-30,18:00:07,-07:00,2026-04-30T18:00:07-07:00,0,19
projects/projects.js,49,js,4812874f,lukkrim,2026-04-30,18:00:07,-07:00,2026-04-30T18:00:07-07:00,1,35
projects/projects.js,50,js,4812874f,lukkrim,2026-04-30,18:00:07,-07:00,2026-04-30T18:00:07-07:00,1,76
projects/projects.js,51,js,4812874f,lukkrim,2026-04-30,18:00:07,-07:00,2026-04-30T18:00:07-07:00,2,18
projects/projects.js,52,js,4812874f,lukkrim,2026-04-30,18:00:07,-07:00,2026-04-30T18:00:07-07:00,1,0
projects/projects.js,53,js,4812874f,lukkrim,2026-04-30,18:00:07,-07:00,2026-04-30T18:00:07-07:00,1,22
projects/projects.js,54,js,4812874f,lukkrim,2026-04-30,18:00:07,-07:00,2026-04-30T18:00:07-07:00,1,55
projects/projects.js,55,js,4812874f,lukkrim,2026-04-30,18:00:07,-07:00,2026-04-30T18:00:07-07:00,1,23
projects/projects.js,56,js,4812874f,lukkrim,2026-04-30,18:00:07,-07:00,2026-04-30T18:00:07-07:00,0,0
projects/projects.js,57,js,4812874f,lukkrim,2026-04-30,18:00:07,-07:00,2026-04-30T18:00:07-07:00,0,0
projects/projects.js,58,js,4812874f,lukkrim,2026-04-30,18:00:07,-07:00,2026-04-30T18:00:07-07:00,0,38
projects/projects.js,59,js,4812874f,lukkrim,2026-04-30,18:00:07,-07:00,2026-04-30T18:00:07-07:00,1,29
projects/projects.js,60,js,4812874f,lukkrim,2026-04-30,18:00:07,-07:00,2026-04-30T18:00:07-07:00,2,12
projects/projects.js,61,js,4812874f,lukkrim,2026-04-30,18:00:07,-07:00,2026-04-30T18:00:07-07:00,2,14
projects/projects.js,62,js,4812874f,lukkrim,2026-04-30,18:00:07,-07:00,2026-04-30T18:00:07-07:00,2,12
projects/projects.js,63,js,4812874f,lukkrim,2026-04-30,18:00:07,-07:00,2026-04-30T18:00:07-07:00,1,0
projects/projects.js,64,js,4812874f,lukkrim,2026-04-30,18:00:07,-07:00,2026-04-30T18:00:07-07:00,1,50
projects/projects.js,65,js,4812874f,lukkrim,2026-04-30,18:00:07,-07:00,2026-04-30T18:00:07-07:00,2,35
projects/projects.js,66,js,4812874f,lukkrim,2026-04-30,18:00:07,-07:00,2026-04-30T18:00:07-07:00,1,1
projects/projects.js,67,js,4812874f,lukkrim,2026-04-30,18:00:07,-07:00,2026-04-30T18:00:07-07:00,1,53
projects/projects.js,68,js,4812874f,lukkrim,2026-04-30,18:00:07,-07:00,2026-04-30T18:00:07-07:00,1,42
projects/projects.js,69,js,4812874f,lukkrim,2026-04-30,18:00:07,-07:00,2026-04-30T18:00:07-07:00,1,51
projects/projects.js,70,js,4812874f,lukkrim,2026-04-30,18:00:07,-07:00,2026-04-30T18:00:07-07:00,0,0
projects/projects.js,71,js,4812874f,lukkrim,2026-04-30,18:00:07,-07:00,2026-04-30T18:00:07-07:00,1,40
projects/projects.js,72,js,4812874f,lukkrim,2026-04-30,18:00:07,-07:00,2026-04-30T18:00:07-07:00,1,32
projects/projects.js,73,js,4812874f,lukkrim,2026-04-30,18:00:07,-07:00,2026-04-30T18:00:07-07:00,0,0
projects/projects.js,74,js,4812874f,lukkrim,2026-04-30,18:00:07,-07:00,2026-04-30T18:00:07-07:00,1,29
projects/projects.js,75,js,4812874f,lukkrim,2026-04-30,18:00:07,-07:00,2026-04-30T18:00:07-07:00,1,30
projects/projects.js,76,js,4812874f,lukkrim,2026-04-30,18:00:07,-07:00,2026-04-30T18:00:07-07:00,0,0
projects/projects.js,77,js,4812874f,lukkrim,2026-04-30,18:00:07,-07:00,2026-04-30T18:00:07-07:00,1,29
projects/projects.js,78,js,4812874f,lukkrim,2026-04-30,18:00:07,-07:00,2026-04-30T18:00:07-07:00,2,51
projects/projects.js,79,js,4812874f,lukkrim,2026-04-30,18:00:07,-07:00,2026-04-30T18:00:07-07:00,2,1
projects/projects.js,80,js,4812874f,lukkrim,2026-04-30,18:00:07,-07:00,2026-04-30T18:00:07-07:00,3,13
projects/projects.js,81,js,4812874f,lukkrim,2026-04-30,18:00:07,-07:00,2026-04-30T18:00:07-07:00,3,13
projects/projects.js,82,js,4812874f,lukkrim,2026-04-30,18:00:07,-07:00,2026-04-30T18:00:07-07:00,3,24
projects/projects.js,83,js,4812874f,lukkrim,2026-04-30,18:00:07,-07:00,2026-04-30T18:00:07-07:00,3,42
projects/projects.js,84,js,4812874f,lukkrim,2026-04-30,18:00:07,-07:00,2026-04-30T18:00:07-07:00,3,18
projects/projects.js,85,js,4812874f,lukkrim,2026-04-30,18:00:07,-07:00,2026-04-30T18:00:07-07:00,4,35
projects/projects.js,86,js,4812874f,lukkrim,2026-04-30,18:00:07,-07:00,2026-04-30T18:00:07-07:00,4,63
projects/projects.js,87,js,4812874f,lukkrim,2026-04-30,18:00:07,-07:00,2026-04-30T18:00:07-07:00,0,0
projects/projects.js,88,js,4812874f,lukkrim,2026-04-30,18:00:07,-07:00,2026-04-30T18:00:07-07:00,4,66
projects/projects.js,89,js,4812874f,lukkrim,2026-04-30,18:00:07,-07:00,2026-04-30T18:00:07-07:00,4,37
projects/projects.js,90,js,4812874f,lukkrim,2026-04-30,18:00:07,-07:00,2026-04-30T18:00:07-07:00,4,1
projects/projects.js,91,js,4812874f,lukkrim,2026-04-30,18:00:07,-07:00,2026-04-30T18:00:07-07:00,5,16
projects/projects.js,92,js,4812874f,lukkrim,2026-04-30,18:00:07,-07:00,2026-04-30T18:00:07-07:00,5,22
projects/projects.js,93,js,4812874f,lukkrim,2026-04-30,18:00:07,-07:00,2026-04-30T18:00:07-07:00,6,50
projects/projects.js,94,js,4812874f,lukkrim,2026-04-30,18:00:07,-07:00,2026-04-30T18:00:07-07:00,5,0
projects/projects.js,95,js,4812874f,lukkrim,2026-04-30,18:00:07,-07:00,2026-04-30T18:00:07-07:00,0,0
projects/projects.js,96,js,4812874f,lukkrim,2026-04-30,18:00:07,-07:00,2026-04-30T18:00:07-07:00,4,4
projects/projects.js,97,js,4812874f,lukkrim,2026-04-30,18:00:07,-07:00,2026-04-30T18:00:07-07:00,5,14
projects/projects.js,98,js,4812874f,lukkrim,2026-04-30,18:00:07,-07:00,2026-04-30T18:00:07-07:00,5,22
projects/projects.js,99,js,4812874f,lukkrim,2026-04-30,18:00:07,-07:00,2026-04-30T18:00:07-07:00,6,73
projects/projects.js,100,js,4812874f,lukkrim,2026-04-30,18:00:07,-07:00,2026-04-30T18:00:07-07:00,5,0
projects/projects.js,101,js,4812874f,lukkrim,2026-04-30,18:00:07,-07:00,2026-04-30T18:00:07-07:00,0,0
projects/projects.js,102,js,4812874f,lukkrim,2026-04-30,18:00:07,-07:00,2026-04-30T18:00:07-07:00,4,52
projects/projects.js,103,js,4812874f,lukkrim,2026-04-30,18:00:07,-07:00,2026-04-30T18:00:07-07:00,4,22
projects/projects.js,104,js,4812874f,lukkrim,2026-04-30,18:00:07,-07:00,2026-04-30T18:00:07-07:00,4,55
projects/projects.js,105,js,4812874f,lukkrim,2026-04-30,18:00:07,-07:00,2026-04-30T18:00:07-07:00,3,1
projects/projects.js,106,js,4812874f,lukkrim,2026-04-30,18:00:07,-07:00,2026-04-30T18:00:07-07:00,1,1
projects/projects.js,107,js,4812874f,lukkrim,2026-04-30,18:00:07,-07:00,2026-04-30T18:00:07-07:00,0,0
projects/projects.js,108,js,4812874f,lukkrim,2026-04-30,18:00:07,-07:00,2026-04-30T18:00:07-07:00,1,27
projects/projects.js,109,js,4812874f,lukkrim,2026-04-30,18:00:07,-07:00,2026-04-30T18:00:07-07:00,2,40
projects/projects.js,110,js,4812874f,lukkrim,2026-04-30,18:00:07,-07:00,2026-04-30T18:00:07-07:00,2,4
projects/projects.js,111,js,4812874f,lukkrim,2026-04-30,18:00:07,-07:00,2026-04-30T18:00:07-07:00,3,11
projects/projects.js,112,js,4812874f,lukkrim,2026-04-30,18:00:07,-07:00,2026-04-30T18:00:07-07:00,3,65
projects/projects.js,113,js,4812874f,lukkrim,2026-04-30,18:00:07,-07:00,2026-04-30T18:00:07-07:00,3,38
projects/projects.js,114,js,4812874f,lukkrim,2026-04-30,18:00:07,-07:00,2026-04-30T18:00:07-07:00,3,69
projects/projects.js,115,js,4812874f,lukkrim,2026-04-30,18:00:07,-07:00,2026-04-30T18:00:07-07:00,1,1
projects/projects.js,116,js,4812874f,lukkrim,2026-04-30,18:00:07,-07:00,2026-04-30T18:00:07-07:00,0,0
projects/projects.js,117,js,4812874f,lukkrim,2026-04-30,18:00:07,-07:00,2026-04-30T18:00:07-07:00,0,0
projects/projects.js,118,js,4812874f,lukkrim,2026-04-30,18:00:07,-07:00,2026-04-30T18:00:07-07:00,0,48
projects/projects.js,119,js,4812874f,lukkrim,2026-04-30,18:00:07,-07:00,2026-04-30T18:00:07-07:00,1,25
projects/projects.js,120,js,4812874f,lukkrim,2026-04-30,18:00:07,-07:00,2026-04-30T18:00:07-07:00,1,9
projects/projects.js,121,js,4812874f,lukkrim,2026-04-30,18:00:07,-07:00,2026-04-30T18:00:07-07:00,0,1
projects/projects.js,122,js,4812874f,lukkrim,2026-04-30,18:00:07,-07:00,2026-04-30T18:00:07-07:00,0,0
projects/projects.js,123,js,4812874f,lukkrim,2026-04-30,18:00:07,-07:00,2026-04-30T18:00:07-07:00,0,9
projects/projects.css,1,css,33212a55,lukkrim,2026-04-09,09:27:13,-07:00,2026-04-09T09:27:13-07:00,0,9
projects/projects.css,2,css,33212a55,lukkrim,2026-04-09,09:27:13,-07:00,2026-04-09T09:27:13-07:00,2,12
projects/projects.css,3,css,33212a55,lukkrim,2026-04-09,09:27:13,-07:00,2026-04-09T09:27:13-07:00,2,58
projects/projects.css,4,css,33212a55,lukkrim,2026-04-09,09:27:13,-07:00,2026-04-09T09:27:13-07:00,2,7
projects/projects.css,5,css,33212a55,lukkrim,2026-04-09,09:27:13,-07:00,2026-04-09T09:27:13-07:00,1,0
projects/projects.css,6,css,33212a55,lukkrim,2026-04-09,09:27:13,-07:00,2026-04-09T09:27:13-07:00,1,0
projects/projects.css,7,css,33212a55,lukkrim,2026-04-09,09:27:13,-07:00,2026-04-09T09:27:13-07:00,0,7
projects/projects.css,8,css,33212a55,lukkrim,2026-04-09,09:27:13,-07:00,2026-04-09T09:27:13-07:00,2,12
projects/projects.css,9,css,33212a55,lukkrim,2026-04-09,09:27:13,-07:00,2026-04-09T09:27:13-07:00,2,26
projects/projects.css,10,css,33212a55,lukkrim,2026-04-09,09:27:13,-07:00,2026-04-09T09:27:13-07:00,2,15
projects/projects.css,11,css,33212a55,lukkrim,2026-04-09,09:27:13,-07:00,2026-04-09T09:27:13-07:00,2,9
projects/projects.css,12,css,4812874f,lukkrim,2026-04-30,18:00:07,-07:00,2026-04-30T18:00:07-07:00,0,0
projects/projects.css,13,css,4812874f,lukkrim,2026-04-30,18:00:07,-07:00,2026-04-30T18:00:07-07:00,0,0
projects/projects.css,14,css,4812874f,lukkrim,2026-04-30,18:00:07,-07:00,2026-04-30T18:00:07-07:00,0,13
projects/projects.css,15,css,4812874f,lukkrim,2026-04-30,18:00:07,-07:00,2026-04-30T18:00:07-07:00,2,30
projects/projects.css,16,css,4812874f,lukkrim,2026-04-30,18:00:07,-07:00,2026-04-30T18:00:07-07:00,2,34
projects/projects.css,17,css,4812874f,lukkrim,2026-04-30,18:00:07,-07:00,2026-04-30T18:00:07-07:00,0,0
projects/projects.css,18,css,4812874f,lukkrim,2026-04-30,18:00:07,-07:00,2026-04-30T18:00:07-07:00,0,0
projects/projects.css,19,css,4812874f,lukkrim,2026-04-30,18:00:07,-07:00,2026-04-30T18:00:07-07:00,0,18
projects/projects.css,20,css,4812874f,lukkrim,2026-04-30,18:00:07,-07:00,2026-04-30T18:00:07-07:00,2,14
projects/projects.css,21,css,4812874f,lukkrim,2026-04-30,18:00:07,-07:00,2026-04-30T18:00:07-07:00,2,16
projects/projects.css,22,css,4812874f,lukkrim,2026-04-30,18:00:07,-07:00,2026-04-30T18:00:07-07:00,2,16
projects/projects.css,23,css,4812874f,lukkrim,2026-04-30,18:00:07,-07:00,2026-04-30T18:00:07-07:00,0,0
projects/projects.css,24,css,4812874f,lukkrim,2026-04-30,18:00:07,-07:00,2026-04-30T18:00:07-07:00,2,17
projects/projects.css,25,css,4812874f,lukkrim,2026-04-30,18:00:07,-07:00,2026-04-30T18:00:07-07:00,4,16
projects/projects.css,26,css,4812874f,lukkrim,2026-04-30,18:00:07,-07:00,2026-04-30T18:00:07-07:00,6,11
projects/projects.css,27,css,4812874f,lukkrim,2026-04-30,18:00:07,-07:00,2026-04-30T18:00:07-07:00,4,0
projects/projects.css,28,css,4812874f,lukkrim,2026-04-30,18:00:07,-07:00,2026-04-30T18:00:07-07:00,2,0
projects/projects.css,29,css,4812874f,lukkrim,2026-04-30,18:00:07,-07:00,2026-04-30T18:00:07-07:00,0,0
projects/projects.css,30,css,4812874f,lukkrim,2026-04-30,18:00:07,-07:00,2026-04-30T18:00:07-07:00,0,0
projects/projects.css,31,css,4812874f,lukkrim,2026-04-30,18:00:07,-07:00,2026-04-30T18:00:07-07:00,0,4
projects/projects.css,32,css,4812874f,lukkrim,2026-04-30,18:00:07,-07:00,2026-04-30T18:00:07-07:00,2,36
projects/projects.css,33,css,4812874f,lukkrim,2026-04-30,18:00:07,-07:00,2026-04-30T18:00:07-07:00,2,14
projects/projects.css,34,css,4812874f,lukkrim,2026-04-30,18:00:07,-07:00,2026-04-30T18:00:07-07:00,0,0
projects/projects.css,35,css,4812874f,lukkrim,2026-04-30,18:00:07,-07:00,2026-04-30T18:00:07-07:00,0,0
projects/projects.css,36,css,4812874f,lukkrim,2026-04-30,18:00:07,-07:00,2026-04-30T18:00:07-07:00,0,7
projects/projects.css,37,css,4812874f,lukkrim,2026-04-30,18:00:07,-07:00,2026-04-30T18:00:07-07:00,2,12
projects/projects.css,38,css,4812874f,lukkrim,2026-04-30,18:00:07,-07:00,2026-04-30T18:00:07-07:00,2,6
projects/projects.css,39,css,4812874f,lukkrim,2026-04-30,18:00:07,-07:00,2026-04-30T18:00:07-07:00,2,58
projects/projects.css,40,css,4812874f,lukkrim,2026-04-30,18:00:07,-07:00,2026-04-30T18:00:07-07:00,2,21
projects/projects.css,41,css,4812874f,lukkrim,2026-04-30,18:00:07,-07:00,2026-04-30T18:00:07-07:00,2,13
projects/projects.css,42,css,4812874f,lukkrim,2026-04-30,18:00:07,-07:00,2026-04-30T18:00:07-07:00,2,12
projects/projects.css,43,css,4812874f,lukkrim,2026-04-30,18:00:07,-07:00,2026-04-30T18:00:07-07:00,2,7
projects/projects.css,44,css,4812874f,lukkrim,2026-04-30,18:00:07,-07:00,2026-04-30T18:00:07-07:00,0,0
projects/projects.css,45,css,4812874f,lukkrim,2026-04-30,18:00:07,-07:00,2026-04-30T18:00:07-07:00,0,0
projects/projects.css,46,css,4812874f,lukkrim,2026-04-30,18:00:07,-07:00,2026-04-30T18:00:07-07:00,0,6
projects/projects.css,47,css,4812874f,lukkrim,2026-04-30,18:00:07,-07:00,2026-04-30T18:00:07-07:00,2,20
projects/projects.css,48,css,4812874f,lukkrim,2026-04-30,18:00:07,-07:00,2026-04-30T18:00:07-07:00,2,9
projects/projects.css,49,css,4812874f,lukkrim,2026-04-30,18:00:07,-07:00,2026-04-30T18:00:07-07:00,2,10
projects/projects.css,50,css,4812874f,lukkrim,2026-04-30,18:00:07,-07:00,2026-04-30T18:00:07-07:00,2,17
projects/projects.css,51,css,4812874f,lukkrim,2026-04-30,18:00:07,-07:00,2026-04-30T18:00:07-07:00,2,29
projects/projects.css,52,css,4812874f,lukkrim,2026-04-30,18:00:07,-07:00,2026-04-30T18:00:07-07:00,0,0
projects/projects.css,53,css,4812874f,lukkrim,2026-04-30,18:00:07,-07:00,2026-04-30T18:00:07-07:00,0,0
projects/projects.css,54,css,4812874f,lukkrim,2026-04-30,18:00:07,-07:00,2026-04-30T18:00:07-07:00,0,11
projects/projects.css,55,css,4812874f,lukkrim,2026-04-30,18:00:07,-07:00,2026-04-30T18:00:07-07:00,2,12
projects/projects.css,56,css,4812874f,lukkrim,2026-04-30,18:00:07,-07:00,2026-04-30T18:00:07-07:00,2,18
projects/projects.css,57,css,4812874f,lukkrim,2026-04-30,18:00:07,-07:00,2026-04-30T18:00:07-07:00,2,9
projects/projects.css,58,css,4812874f,lukkrim,2026-04-30,18:00:07,-07:00,2026-04-30T18:00:07-07:00,0,0
projects/projects.css,59,css,4812874f,lukkrim,2026-04-30,18:00:07,-07:00,2026-04-30T18:00:07-07:00,0,0
projects/projects.css,60,css,4812874f,lukkrim,2026-04-30,18:00:07,-07:00,2026-04-30T18:00:07-07:00,0,9
projects/projects.css,61,css,4812874f,lukkrim,2026-04-30,18:00:07,-07:00,2026-04-30T18:00:07-07:00,2,12
projects/projects.css,62,css,4812874f,lukkrim,2026-04-30,18:00:07,-07:00,2026-04-30T18:00:07-07:00,2,18
projects/projects.css,63,css,4812874f,lukkrim,2026-04-30,18:00:07,-07:00,2026-04-30T18:00:07-07:00,2,7
projects/projects.css,64,css,4812874f,lukkrim,2026-04-30,18:00:07,-07:00,2026-04-30T18:00:07-07:00,0,0
projects/projects.css,65,css,4812874f,lukkrim,2026-04-30,18:00:07,-07:00,2026-04-30T18:00:07-07:00,0,0
projects/projects.css,66,css,4812874f,lukkrim,2026-04-30,18:00:07,-07:00,2026-04-30T18:00:07-07:00,0,9
projects/projects.css,67,css,4812874f,lukkrim,2026-04-30,18:00:07,-07:00,2026-04-30T18:00:07-07:00,2,10
projects/projects.css,68,css,4812874f,lukkrim,2026-04-30,18:00:07,-07:00,2026-04-30T18:00:07-07:00,2,13
projects/projects.css,69,css,4812874f,lukkrim,2026-04-30,18:00:07,-07:00,2026-04-30T18:00:07-07:00,2,21
projects/projects.css,70,css,4812874f,lukkrim,2026-04-30,18:00:07,-07:00,2026-04-30T18:00:07-07:00,2,19
projects/projects.css,71,css,4812874f,lukkrim,2026-04-30,18:00:07,-07:00,2026-04-30T18:00:07-07:00,0,0
projects/projects.css,72,css,4812874f,lukkrim,2026-04-30,18:00:07,-07:00,2026-04-30T18:00:07-07:00,0,0
projects/projects.css,73,css,4812874f,lukkrim,2026-04-30,18:00:07,-07:00,2026-04-30T18:00:07-07:00,0,9
projects/projects.css,74,css,4812874f,lukkrim,2026-04-30,18:00:07,-07:00,2026-04-30T18:00:07-07:00,2,35
projects/projects.css,75,css,4812874f,lukkrim,2026-04-30,18:00:07,-07:00,2026-04-30T18:00:07-07:00,1,0
projects/projects.css,76,css,4812874f,lukkrim,2026-04-30,18:00:07,-07:00,2026-04-30T18:00:07-07:00,2,10
projects/projects.css,77,css,4812874f,lukkrim,2026-04-30,18:00:07,-07:00,2026-04-30T18:00:07-07:00,3,17
projects/projects.css,78,css,4812874f,lukkrim,2026-04-30,18:00:07,-07:00,2026-04-30T18:00:07-07:00,2,0
projects/projects.css,79,css,4812874f,lukkrim,2026-04-30,18:00:07,-07:00,2026-04-30T18:00:07-07:00,1,0
projects/index.html,1,html,81660f24,lukkrim,2026-04-01,18:30:35,-07:00,2026-04-01T18:30:35-07:00,0,13
projects/index.html,2,html,81660f24,lukkrim,2026-04-01,18:30:35,-07:00,2026-04-01T18:30:35-07:00,0,14
projects/index.html,3,html,81660f24,lukkrim,2026-04-01,18:30:35,-07:00,2026-04-01T18:30:35-07:00,0,4
projects/index.html,4,html,81660f24,lukkrim,2026-04-01,18:30:35,-07:00,2026-04-01T18:30:35-07:00,2,20
projects/index.html,5,html,81660f24,lukkrim,2026-04-01,18:30:35,-07:00,2026-04-01T18:30:35-07:00,2,68
projects/index.html,6,html,81660f24,lukkrim,2026-04-01,18:30:35,-07:00,2026-04-01T18:30:35-07:00,2,26
projects/index.html,7,html,33212a55,lukkrim,2026-04-09,09:27:13,-07:00,2026-04-09T09:27:13-07:00,2,41
projects/index.html,8,html,33212a55,lukkrim,2026-04-09,09:27:13,-07:00,2026-04-09T09:27:13-07:00,2,41
projects/index.html,9,html,cf2c6558,lukkrim,2026-04-14,22:52:10,-07:00,2026-04-14T22:52:10-07:00,2,48
projects/index.html,10,html,e275be73,lukkrim,2026-04-22,22:47:24,-07:00,2026-04-22T22:47:24-07:00,2,47
projects/index.html,11,html,81660f24,lukkrim,2026-04-01,18:30:35,-07:00,2026-04-01T18:30:35-07:00,0,5
projects/index.html,12,html,81660f24,lukkrim,2026-04-01,18:30:35,-07:00,2026-04-01T18:30:35-07:00,0,4
projects/index.html,13,html,cf2c6558,lukkrim,2026-04-14,22:52:10,-07:00,2026-04-14T22:52:10-07:00,2,8
projects/index.html,14,html,33212a55,lukkrim,2026-04-09,09:27:13,-07:00,2026-04-09T09:27:13-07:00,4,30
projects/index.html,15,html,cf2c6558,lukkrim,2026-04-14,22:52:10,-07:00,2026-04-14T22:52:10-07:00,4,43
projects/index.html,16,html,33212a55,lukkrim,2026-04-09,09:27:13,-07:00,2026-04-09T09:27:13-07:00,4,41
projects/index.html,17,html,33212a55,lukkrim,2026-04-09,09:27:13,-07:00,2026-04-09T09:27:13-07:00,4,31
projects/index.html,18,html,33212a55,lukkrim,2026-04-09,09:27:13,-07:00,2026-04-09T09:27:13-07:00,4,61
projects/index.html,19,html,cf2c6558,lukkrim,2026-04-14,22:52:10,-07:00,2026-04-14T22:52:10-07:00,2,8
projects/index.html,20,html,81660f24,lukkrim,2026-04-01,18:30:35,-07:00,2026-04-01T18:30:35-07:00,0,0
projects/index.html,21,html,e275be73,lukkrim,2026-04-22,22:47:24,-07:00,2026-04-22T22:47:24-07:00,2,30
projects/index.html,22,html,4812874f,lukkrim,2026-04-30,18:00:07,-07:00,2026-04-30T18:00:07-07:00,2,23
projects/index.html,23,html,4812874f,lukkrim,2026-04-30,18:00:07,-07:00,2026-04-30T18:00:07-07:00,4,58
projects/index.html,24,html,4812874f,lukkrim,2026-04-30,18:00:07,-07:00,2026-04-30T18:00:07-07:00,4,22
projects/index.html,25,html,4812874f,lukkrim,2026-04-30,18:00:07,-07:00,2026-04-30T18:00:07-07:00,2,4
projects/index.html,26,html,4812874f,lukkrim,2026-04-30,18:00:07,-07:00,2026-04-30T18:00:07-07:00,0,0
projects/index.html,27,html,4812874f,lukkrim,2026-04-30,18:00:07,-07:00,2026-04-30T18:00:07-07:00,2,4
projects/index.html,28,html,4812874f,lukkrim,2026-04-30,18:00:07,-07:00,2026-04-30T18:00:07-07:00,4,15
projects/index.html,29,html,4812874f,lukkrim,2026-04-30,18:00:07,-07:00,2026-04-30T18:00:07-07:00,4,11
projects/index.html,30,html,4812874f,lukkrim,2026-04-30,18:00:07,-07:00,2026-04-30T18:00:07-07:00,4,26
projects/index.html,31,html,4812874f,lukkrim,2026-04-30,18:00:07,-07:00,2026-04-30T18:00:07-07:00,4,31
projects/index.html,32,html,4812874f,lukkrim,2026-04-30,18:00:07,-07:00,2026-04-30T18:00:07-07:00,2,0
projects/index.html,33,html,4812874f,lukkrim,2026-04-30,18:00:07,-07:00,2026-04-30T18:00:07-07:00,2,0
projects/index.html,34,html,e275be73,lukkrim,2026-04-22,22:47:24,-07:00,2026-04-22T22:47:24-07:00,2,26
projects/index.html,35,html,81660f24,lukkrim,2026-04-01,18:30:35,-07:00,2026-04-01T18:30:35-07:00,0,5
projects/index.html,36,html,81660f24,lukkrim,2026-04-01,18:30:35,-07:00,2026-04-01T18:30:35-07:00,0,5
contact/index.html,1,html,81660f24,lukkrim,2026-04-01,18:30:35,-07:00,2026-04-01T18:30:35-07:00,0,13
contact/index.html,2,html,81660f24,lukkrim,2026-04-01,18:30:35,-07:00,2026-04-01T18:30:35-07:00,0,14
contact/index.html,3,html,81660f24,lukkrim,2026-04-01,18:30:35,-07:00,2026-04-01T18:30:35-07:00,0,4
contact/index.html,4,html,81660f24,lukkrim,2026-04-01,18:30:35,-07:00,2026-04-01T18:30:35-07:00,2,20
contact/index.html,5,html,81660f24,lukkrim,2026-04-01,18:30:35,-07:00,2026-04-01T18:30:35-07:00,2,68
contact/index.html,6,html,81660f24,lukkrim,2026-04-01,18:30:35,-07:00,2026-04-01T18:30:35-07:00,2,25
contact/index.html,7,html,33212a55,lukkrim,2026-04-09,09:27:13,-07:00,2026-04-09T09:27:13-07:00,2,41
contact/index.html,8,html,33212a55,lukkrim,2026-04-09,09:27:13,-07:00,2026-04-09T09:27:13-07:00,2,40
contact/index.html,9,html,cf2c6558,lukkrim,2026-04-14,22:52:10,-07:00,2026-04-14T22:52:10-07:00,2,48
contact/index.html,10,html,81660f24,lukkrim,2026-04-01,18:30:35,-07:00,2026-04-01T18:30:35-07:00,0,5
contact/index.html,11,html,33212a55,lukkrim,2026-04-09,09:27:13,-07:00,2026-04-09T09:27:13-07:00,0,0
contact/index.html,12,html,81660f24,lukkrim,2026-04-01,18:30:35,-07:00,2026-04-01T18:30:35-07:00,0,4
contact/index.html,13,html,cf2c6558,lukkrim,2026-04-14,22:52:10,-07:00,2026-04-14T22:52:10-07:00,2,8
contact/index.html,14,html,33212a55,lukkrim,2026-04-09,09:27:13,-07:00,2026-04-09T09:27:13-07:00,4,30
contact/index.html,15,html,33212a55,lukkrim,2026-04-09,09:27:13,-07:00,2026-04-09T09:27:13-07:00,4,43
contact/index.html,16,html,cf2c6558,lukkrim,2026-04-14,22:52:10,-07:00,2026-04-14T22:52:10-07:00,4,41
contact/index.html,17,html,33212a55,lukkrim,2026-04-09,09:27:13,-07:00,2026-04-09T09:27:13-07:00,4,31
contact/index.html,18,html,33212a55,lukkrim,2026-04-09,09:27:13,-07:00,2026-04-09T09:27:13-07:00,4,61
contact/index.html,19,html,cf2c6558,lukkrim,2026-04-14,22:52:10,-07:00,2026-04-14T22:52:10-07:00,2,8
contact/index.html,20,html,33212a55,lukkrim,2026-04-09,09:27:13,-07:00,2026-04-09T09:27:13-07:00,2,0
contact/index.html,21,html,81660f24,lukkrim,2026-04-01,18:30:35,-07:00,2026-04-01T18:30:35-07:00,2,14
contact/index.html,22,html,81660f24,lukkrim,2026-04-01,18:30:35,-07:00,2026-04-01T18:30:35-07:00,0,0
contact/index.html,23,html,81660f24,lukkrim,2026-04-01,18:30:35,-07:00,2026-04-01T18:30:35-07:00,2,70
contact/index.html,24,html,81660f24,lukkrim,2026-04-01,18:30:35,-07:00,2026-04-01T18:30:35-07:00,4,5
contact/index.html,25,html,81660f24,lukkrim,2026-04-01,18:30:35,-07:00,2026-04-01T18:30:35-07:00,6,4
contact/index.html,26,html,81660f24,lukkrim,2026-04-01,18:30:35,-07:00,2026-04-01T18:30:35-07:00,6,49
contact/index.html,27,html,33212a55,lukkrim,2026-04-09,09:27:13,-07:00,2026-04-09T09:27:13-07:00,4,6
contact/index.html,28,html,81660f24,lukkrim,2026-04-01,18:30:35,-07:00,2026-04-01T18:30:35-07:00,2,0
contact/index.html,29,html,81660f24,lukkrim,2026-04-01,18:30:35,-07:00,2026-04-01T18:30:35-07:00,4,5
contact/index.html,30,html,81660f24,lukkrim,2026-04-01,18:30:35,-07:00,2026-04-01T18:30:35-07:00,6,6
contact/index.html,31,html,81660f24,lukkrim,2026-04-01,18:30:35,-07:00,2026-04-01T18:30:35-07:00,6,56
contact/index.html,32,html,81660f24,lukkrim,2026-04-01,18:30:35,-07:00,2026-04-01T18:30:35-07:00,4,6
contact/index.html,33,html,81660f24,lukkrim,2026-04-01,18:30:35,-07:00,2026-04-01T18:30:35-07:00,2,0
contact/index.html,34,html,81660f24,lukkrim,2026-04-01,18:30:35,-07:00,2026-04-01T18:30:35-07:00,4,5
contact/index.html,35,html,81660f24,lukkrim,2026-04-01,18:30:35,-07:00,2026-04-01T18:30:35-07:00,6,3
contact/index.html,36,html,81660f24,lukkrim,2026-04-01,18:30:35,-07:00,2026-04-01T18:30:35-07:00,6,48
contact/index.html,37,html,81660f24,lukkrim,2026-04-01,18:30:35,-07:00,2026-04-01T18:30:35-07:00,4,6
contact/index.html,38,html,81660f24,lukkrim,2026-04-01,18:30:35,-07:00,2026-04-01T18:30:35-07:00,4,21
contact/index.html,39,html,81660f24,lukkrim,2026-04-01,18:30:35,-07:00,2026-04-01T18:30:35-07:00,2,5
contact/index.html,40,html,81660f24,lukkrim,2026-04-01,18:30:35,-07:00,2026-04-01T18:30:35-07:00,2,0
contact/index.html,41,html,81660f24,lukkrim,2026-04-01,18:30:35,-07:00,2026-04-01T18:30:35-07:00,2,3
contact/index.html,42,html,81660f24,lukkrim,2026-04-01,18:30:35,-07:00,2026-04-01T18:30:35-07:00,0,0
contact/index.html,43,html,33212a55,lukkrim,2026-04-09,09:27:13,-07:00,2026-04-09T09:27:13-07:00,0,5
contact/contact.css,1,css,33212a55,lukkrim,2026-04-09,09:27:13,-07:00,2026-04-09T09:27:13-07:00,0,7
contact/contact.css,2,css,33212a55,lukkrim,2026-04-09,09:27:13,-07:00,2026-04-09T09:27:13-07:00,0,7
contact/contact.css,3,css,33212a55,lukkrim,2026-04-09,09:27:13,-07:00,2026-04-09T09:27:13-07:00,0,5
contact/contact.css,4,css,33212a55,lukkrim,2026-04-09,09:27:13,-07:00,2026-04-09T09:27:13-07:00,0,5
contact/contact.css,5,css,33212a55,lukkrim,2026-04-09,09:27:13,-07:00,2026-04-09T09:27:13-07:00,1,13
contact/contact.css,6,css,33212a55,lukkrim,2026-04-09,09:27:13,-07:00,2026-04-09T09:27:13-07:00,0,0
contact/contact.css,7,css,33212a55,lukkrim,2026-04-09,09:27:13,-07:00,2026-04-09T09:27:13-07:00,0,0
contact/contact.css,8,css,33212a55,lukkrim,2026-04-09,09:27:13,-07:00,2026-04-09T09:27:13-07:00,0,4
contact/contact.css,9,css,33212a55,lukkrim,2026-04-09,09:27:13,-07:00,2026-04-09T09:27:13-07:00,0,7
contact/contact.css,10,css,33212a55,lukkrim,2026-04-09,09:27:13,-07:00,2026-04-09T09:27:13-07:00,0,6
contact/contact.css,11,css,33212a55,lukkrim,2026-04-09,09:27:13,-07:00,2026-04-09T09:27:13-07:00,1,10
contact/contact.css,12,css,33212a55,lukkrim,2026-04-09,09:27:13,-07:00,2026-04-09T09:27:13-07:00,1,21
contact/contact.css,13,css,33212a55,lukkrim,2026-04-09,09:27:13,-07:00,2026-04-09T09:27:13-07:00,1,12
contact/contact.css,14,css,33212a55,lukkrim,2026-04-09,09:27:13,-07:00,2026-04-09T09:27:13-07:00,0,0
contact/contact.css,15,css,33212a55,lukkrim,2026-04-09,09:27:13,-07:00,2026-04-09T09:27:13-07:00,0,0
contact/contact.css,16,css,33212a55,lukkrim,2026-04-09,09:27:13,-07:00,2026-04-09T09:27:13-07:00,0,5
contact/contact.css,17,css,33212a55,lukkrim,2026-04-09,09:27:13,-07:00,2026-04-09T09:27:13-07:00,1,19
contact/contact.css,18,css,33212a55,lukkrim,2026-04-09,09:27:13,-07:00,2026-04-09T09:27:13-07:00,0,2
contact/contact.css,19,css,33212a55,lukkrim,2026-04-09,09:27:13,-07:00,2026-04-09T09:27:13-07:00,0,0
contact/contact.css,20,css,33212a55,lukkrim,2026-04-09,09:27:13,-07:00,2026-04-09T09:27:13-07:00,0,3
contact/contact.css,21,css,33212a55,lukkrim,2026-04-09,09:27:13,-07:00,2026-04-09T09:27:13-07:00,2,12
contact/contact.css,22,css,33212a55,lukkrim,2026-04-09,09:27:13,-07:00,2026-04-09T09:27:13-07:00,2,30
contact/contact.css,23,css,33212a55,lukkrim,2026-04-09,09:27:13,-07:00,2026-04-09T09:27:13-07:00,2,7
contact/contact.css,24,css,33212a55,lukkrim,2026-04-09,09:27:13,-07:00,2026-04-09T09:27:13-07:00,0,0
contact/contact.css,25,css,33212a55,lukkrim,2026-04-09,09:27:13,-07:00,2026-04-09T09:27:13-07:00,2,4
contact/contact.css,26,css,33212a55,lukkrim,2026-04-09,09:27:13,-07:00,2026-04-09T09:27:13-07:00,4,12
contact/contact.css,27,css,33212a55,lukkrim,2026-04-09,09:27:13,-07:00,2026-04-09T09:27:13-07:00,4,29
contact/contact.css,28,css,33212a55,lukkrim,2026-04-09,09:27:13,-07:00,2026-04-09T09:27:13-07:00,4,16
contact/contact.css,29,css,33212a55,lukkrim,2026-04-09,09:27:13,-07:00,2026-04-09T09:27:13-07:00,2,0
contact/contact.css,30,css,33212a55,lukkrim,2026-04-09,09:27:13,-07:00,2026-04-09T09:27:13-07:00,0,0
contact/contact.css,31,css,33212a55,lukkrim,2026-04-09,09:27:13,-07:00,2026-04-09T09:27:13-07:00,2,5
contact/contact.css,32,css,33212a55,lukkrim,2026-04-09,09:27:13,-07:00,2026-04-09T09:27:13-07:00,4,16
contact/contact.css,33,css,33212a55,lukkrim,2026-04-09,09:27:13,-07:00,2026-04-09T09:27:13-07:00,2,0
contact/contact.css,34,css,33212a55,lukkrim,2026-04-09,09:27:13,-07:00,2026-04-09T09:27:13-07:00,0,0
CV/index.html,1,html,81660f24,lukkrim,2026-04-01,18:30:35,-07:00,2026-04-01T18:30:35-07:00,0,13
CV/index.html,2,html,81660f24,lukkrim,2026-04-01,18:30:35,-07:00,2026-04-01T18:30:35-07:00,0,14
CV/index.html,3,html,81660f24,lukkrim,2026-04-01,18:30:35,-07:00,2026-04-01T18:30:35-07:00,0,4
CV/index.html,4,html,81660f24,lukkrim,2026-04-01,18:30:35,-07:00,2026-04-01T18:30:35-07:00,2,20
CV/index.html,5,html,81660f24,lukkrim,2026-04-01,18:30:35,-07:00,2026-04-01T18:30:35-07:00,2,68
CV/index.html,6,html,81660f24,lukkrim,2026-04-01,18:30:35,-07:00,2026-04-01T18:30:35-07:00,2,28
CV/index.html,7,html,81660f24,lukkrim,2026-04-01,18:30:35,-07:00,2026-04-01T18:30:35-07:00,2,41
CV/index.html,8,html,33212a55,lukkrim,2026-04-09,09:27:13,-07:00,2026-04-09T09:27:13-07:00,2,35
CV/index.html,9,html,cf2c6558,lukkrim,2026-04-14,22:52:10,-07:00,2026-04-14T22:52:10-07:00,2,48
CV/index.html,10,html,81660f24,lukkrim,2026-04-01,18:30:35,-07:00,2026-04-01T18:30:35-07:00,0,5
CV/index.html,11,html,81660f24,lukkrim,2026-04-01,18:30:35,-07:00,2026-04-01T18:30:35-07:00,0,4
CV/index.html,12,html,cf2c6558,lukkrim,2026-04-14,22:52:10,-07:00,2026-04-14T22:52:10-07:00,2,8
CV/index.html,13,html,33212a55,lukkrim,2026-04-09,09:27:13,-07:00,2026-04-09T09:27:13-07:00,4,30
CV/index.html,14,html,33212a55,lukkrim,2026-04-09,09:27:13,-07:00,2026-04-09T09:27:13-07:00,4,43
CV/index.html,15,html,33212a55,lukkrim,2026-04-09,09:27:13,-07:00,2026-04-09T09:27:13-07:00,4,41
CV/index.html,16,html,cf2c6558,lukkrim,2026-04-14,22:52:10,-07:00,2026-04-14T22:52:10-07:00,4,31
CV/index.html,17,html,33212a55,lukkrim,2026-04-09,09:27:13,-07:00,2026-04-09T09:27:13-07:00,4,61
CV/index.html,18,html,cf2c6558,lukkrim,2026-04-14,22:52:10,-07:00,2026-04-14T22:52:10-07:00,2,8
CV/index.html,19,html,33212a55,lukkrim,2026-04-09,09:27:13,-07:00,2026-04-09T09:27:13-07:00,0,0
CV/index.html,20,html,81660f24,lukkrim,2026-04-01,18:30:35,-07:00,2026-04-01T18:30:35-07:00,2,6
CV/index.html,21,html,deed3764,lukkrim,2026-04-02,18:31:06,-07:00,2026-04-02T18:31:06-07:00,4,94
CV/index.html,22,html,81660f24,lukkrim,2026-04-01,18:30:35,-07:00,2026-04-01T18:30:35-07:00,4,17
CV/index.html,23,html,81660f24,lukkrim,2026-04-01,18:30:35,-07:00,2026-04-01T18:30:35-07:00,4,1
CV/index.html,24,html,81660f24,lukkrim,2026-04-01,18:30:35,-07:00,2026-04-01T18:30:35-07:00,6,48
CV/index.html,25,html,81660f24,lukkrim,2026-04-01,18:30:35,-07:00,2026-04-01T18:30:35-07:00,6,13
CV/index.html,26,html,81660f24,lukkrim,2026-04-01,18:30:35,-07:00,2026-04-01T18:30:35-07:00,4,2
CV/index.html,27,html,81660f24,lukkrim,2026-04-01,18:30:35,-07:00,2026-04-01T18:30:35-07:00,2,7
CV/index.html,28,html,81660f24,lukkrim,2026-04-01,18:30:35,-07:00,2026-04-01T18:30:35-07:00,0,0
CV/index.html,29,html,81660f24,lukkrim,2026-04-01,18:30:35,-07:00,2026-04-01T18:30:35-07:00,2,58
CV/index.html,30,html,81660f24,lukkrim,2026-04-01,18:30:35,-07:00,2026-04-01T18:30:35-07:00,4,39
CV/index.html,31,html,81660f24,lukkrim,2026-04-01,18:30:35,-07:00,2026-04-01T18:30:35-07:00,0,0
CV/index.html,32,html,81660f24,lukkrim,2026-04-01,18:30:35,-07:00,2026-04-01T18:30:35-07:00,4,7
CV/index.html,33,html,81660f24,lukkrim,2026-04-01,18:30:35,-07:00,2026-04-01T18:30:35-07:00,6,6
CV/index.html,34,html,81660f24,lukkrim,2026-04-01,18:30:35,-07:00,2026-04-01T18:30:35-07:00,8,24
CV/index.html,35,html,81660f24,lukkrim,2026-04-01,18:30:35,-07:00,2026-04-01T18:30:35-07:00,8,1
CV/index.html,36,html,81660f24,lukkrim,2026-04-01,18:30:35,-07:00,2026-04-01T18:30:35-07:00,10,45
CV/index.html,37,html,81660f24,lukkrim,2026-04-01,18:30:35,-07:00,2026-04-01T18:30:35-07:00,10,0
CV/index.html,38,html,81660f24,lukkrim,2026-04-01,18:30:35,-07:00,2026-04-01T18:30:35-07:00,10,38
CV/index.html,39,html,c2d4459a,lukkrim,2026-04-22,16:13:15,-07:00,2026-04-22T16:13:15-07:00,10,0
CV/index.html,40,html,81660f24,lukkrim,2026-04-01,18:30:35,-07:00,2026-04-01T18:30:35-07:00,10,49
CV/index.html,41,html,81660f24,lukkrim,2026-04-01,18:30:35,-07:00,2026-04-01T18:30:35-07:00,8,2
CV/index.html,42,html,81660f24,lukkrim,2026-04-01,18:30:35,-07:00,2026-04-01T18:30:35-07:00,6,7
CV/index.html,43,html,81660f24,lukkrim,2026-04-01,18:30:35,-07:00,2026-04-01T18:30:35-07:00,6,101
CV/index.html,44,html,81660f24,lukkrim,2026-04-01,18:30:35,-07:00,2026-04-01T18:30:35-07:00,4,8
CV/index.html,45,html,81660f24,lukkrim,2026-04-01,18:30:35,-07:00,2026-04-01T18:30:35-07:00,2,8
CV/index.html,46,html,81660f24,lukkrim,2026-04-01,18:30:35,-07:00,2026-04-01T18:30:35-07:00,0,0
CV/index.html,47,html,81660f24,lukkrim,2026-04-01,18:30:35,-07:00,2026-04-01T18:30:35-07:00,2,60
CV/index.html,48,html,81660f24,lukkrim,2026-04-01,18:30:35,-07:00,2026-04-01T18:30:35-07:00,4,41
CV/index.html,49,html,81660f24,lukkrim,2026-04-01,18:30:35,-07:00,2026-04-01T18:30:35-07:00,0,0
CV/index.html,50,html,81660f24,lukkrim,2026-04-01,18:30:35,-07:00,2026-04-01T18:30:35-07:00,4,7
CV/index.html,51,html,81660f24,lukkrim,2026-04-01,18:30:35,-07:00,2026-04-01T18:30:35-07:00,6,6
CV/index.html,52,html,81660f24,lukkrim,2026-04-01,18:30:35,-07:00,2026-04-01T18:30:35-07:00,8,39
CV/index.html,53,html,81660f24,lukkrim,2026-04-01,18:30:35,-07:00,2026-04-01T18:30:35-07:00,8,1
CV/index.html,54,html,81660f24,lukkrim,2026-04-01,18:30:35,-07:00,2026-04-01T18:30:35-07:00,10,38
CV/index.html,55,html,81660f24,lukkrim,2026-04-01,18:30:35,-07:00,2026-04-01T18:30:35-07:00,10,0
CV/index.html,56,html,81660f24,lukkrim,2026-04-01,18:30:35,-07:00,2026-04-01T18:30:35-07:00,10,38
CV/index.html,57,html,c2d4459a,lukkrim,2026-04-22,16:13:15,-07:00,2026-04-22T16:13:15-07:00,10,0
CV/index.html,58,html,81660f24,lukkrim,2026-04-01,18:30:35,-07:00,2026-04-01T18:30:35-07:00,10,38
CV/index.html,59,html,81660f24,lukkrim,2026-04-01,18:30:35,-07:00,2026-04-01T18:30:35-07:00,8,2
CV/index.html,60,html,81660f24,lukkrim,2026-04-01,18:30:35,-07:00,2026-04-01T18:30:35-07:00,6,7
CV/index.html,61,html,81660f24,lukkrim,2026-04-01,18:30:35,-07:00,2026-04-01T18:30:35-07:00,6,2
CV/index.html,62,html,81660f24,lukkrim,2026-04-01,18:30:35,-07:00,2026-04-01T18:30:35-07:00,8,88
CV/index.html,63,html,81660f24,lukkrim,2026-04-01,18:30:35,-07:00,2026-04-01T18:30:35-07:00,8,88
CV/index.html,64,html,81660f24,lukkrim,2026-04-01,18:30:35,-07:00,2026-04-01T18:30:35-07:00,6,3
CV/index.html,65,html,81660f24,lukkrim,2026-04-01,18:30:35,-07:00,2026-04-01T18:30:35-07:00,4,8
CV/index.html,66,html,81660f24,lukkrim,2026-04-01,18:30:35,-07:00,2026-04-01T18:30:35-07:00,0,0
CV/index.html,67,html,81660f24,lukkrim,2026-04-01,18:30:35,-07:00,2026-04-01T18:30:35-07:00,4,7
CV/index.html,68,html,81660f24,lukkrim,2026-04-01,18:30:35,-07:00,2026-04-01T18:30:35-07:00,6,6
CV/index.html,69,html,81660f24,lukkrim,2026-04-01,18:30:35,-07:00,2026-04-01T18:30:35-07:00,8,43
CV/index.html,70,html,81660f24,lukkrim,2026-04-01,18:30:35,-07:00,2026-04-01T18:30:35-07:00,8,1
CV/index.html,71,html,81660f24,lukkrim,2026-04-01,18:30:35,-07:00,2026-04-01T18:30:35-07:00,10,39
CV/index.html,72,html,81660f24,lukkrim,2026-04-01,18:30:35,-07:00,2026-04-01T18:30:35-07:00,10,0
CV/index.html,73,html,81660f24,lukkrim,2026-04-01,18:30:35,-07:00,2026-04-01T18:30:35-07:00,10,38
CV/index.html,74,html,c2d4459a,lukkrim,2026-04-22,16:13:15,-07:00,2026-04-22T16:13:15-07:00,10,0
CV/index.html,75,html,81660f24,lukkrim,2026-04-01,18:30:35,-07:00,2026-04-01T18:30:35-07:00,10,38
CV/index.html,76,html,81660f24,lukkrim,2026-04-01,18:30:35,-07:00,2026-04-01T18:30:35-07:00,8,2
CV/index.html,77,html,81660f24,lukkrim,2026-04-01,18:30:35,-07:00,2026-04-01T18:30:35-07:00,6,7
CV/index.html,78,html,81660f24,lukkrim,2026-04-01,18:30:35,-07:00,2026-04-01T18:30:35-07:00,6,2
CV/index.html,79,html,81660f24,lukkrim,2026-04-01,18:30:35,-07:00,2026-04-01T18:30:35-07:00,8,92
CV/index.html,80,html,81660f24,lukkrim,2026-04-01,18:30:35,-07:00,2026-04-01T18:30:35-07:00,8,95
CV/index.html,81,html,81660f24,lukkrim,2026-04-01,18:30:35,-07:00,2026-04-01T18:30:35-07:00,6,3
CV/index.html,82,html,81660f24,lukkrim,2026-04-01,18:30:35,-07:00,2026-04-01T18:30:35-07:00,4,8
CV/index.html,83,html,81660f24,lukkrim,2026-04-01,18:30:35,-07:00,2026-04-01T18:30:35-07:00,2,8
CV/index.html,84,html,81660f24,lukkrim,2026-04-01,18:30:35,-07:00,2026-04-01T18:30:35-07:00,0,0
CV/index.html,85,html,81660f24,lukkrim,2026-04-01,18:30:35,-07:00,2026-04-01T18:30:35-07:00,2,52
CV/index.html,86,html,81660f24,lukkrim,2026-04-01,18:30:35,-07:00,2026-04-01T18:30:35-07:00,4,33
CV/index.html,87,html,81660f24,lukkrim,2026-04-01,18:30:35,-07:00,2026-04-01T18:30:35-07:00,4,2
CV/index.html,88,html,81660f24,lukkrim,2026-04-01,18:30:35,-07:00,2026-04-01T18:30:35-07:00,6,34
CV/index.html,89,html,81660f24,lukkrim,2026-04-01,18:30:35,-07:00,2026-04-01T18:30:35-07:00,6,17
CV/index.html,90,html,81660f24,lukkrim,2026-04-01,18:30:35,-07:00,2026-04-01T18:30:35-07:00,6,21
CV/index.html,91,html,81660f24,lukkrim,2026-04-01,18:30:35,-07:00,2026-04-01T18:30:35-07:00,6,19
CV/index.html,92,html,81660f24,lukkrim,2026-04-01,18:30:35,-07:00,2026-04-01T18:30:35-07:00,4,3
CV/index.html,93,html,81660f24,lukkrim,2026-04-01,18:30:35,-07:00,2026-04-01T18:30:35-07:00,2,8
CV/index.html,94,html,81660f24,lukkrim,2026-04-01,18:30:35,-07:00,2026-04-01T18:30:35-07:00,0,0
CV/index.html,95,html,81660f24,lukkrim,2026-04-01,18:30:35,-07:00,2026-04-01T18:30:35-07:00,2,56
CV/index.html,96,html,81660f24,lukkrim,2026-04-01,18:30:35,-07:00,2026-04-01T18:30:35-07:00,4,46
CV/index.html,97,html,81660f24,lukkrim,2026-04-01,18:30:35,-07:00,2026-04-01T18:30:35-07:00,4,1
CV/index.html,98,html,81660f24,lukkrim,2026-04-01,18:30:35,-07:00,2026-04-01T18:30:35-07:00,6,76
CV/index.html,99,html,81660f24,lukkrim,2026-04-01,18:30:35,-07:00,2026-04-01T18:30:35-07:00,4,2
CV/index.html,100,html,81660f24,lukkrim,2026-04-01,18:30:35,-07:00,2026-04-01T18:30:35-07:00,2,8
CV/index.html,101,html,81660f24,lukkrim,2026-04-01,18:30:35,-07:00,2026-04-01T18:30:35-07:00,0,0
CV/index.html,102,html,81660f24,lukkrim,2026-04-01,18:30:35,-07:00,2026-04-01T18:30:35-07:00,0,5
CV/index.html,103,html,81660f24,lukkrim,2026-04-01,18:30:35,-07:00,2026-04-01T18:30:35-07:00,0,5
CV/cv.css,1,css,33212a55,lukkrim,2026-04-09,09:27:13,-07:00,2026-04-09T09:27:13-07:00,0,30
CV/cv.css,2,css,33212a55,lukkrim,2026-04-09,09:27:13,-07:00,2026-04-09T09:27:13-07:00,0,4
CV/cv.css,3,css,33212a55,lukkrim,2026-04-09,09:27:13,-07:00,2026-04-09T09:27:13-07:00,2,14
CV/cv.css,4,css,33212a55,lukkrim,2026-04-09,09:27:13,-07:00,2026-04-09T09:27:13-07:00,1,0
CV/cv.css,5,css,33212a55,lukkrim,2026-04-09,09:27:13,-07:00,2026-04-09T09:27:13-07:00,1,0
CV/cv.css,6,css,33212a55,lukkrim,2026-04-09,09:27:13,-07:00,2026-04-09T09:27:13-07:00,1,6
CV/cv.css,7,css,33212a55,lukkrim,2026-04-09,09:27:13,-07:00,2026-04-09T09:27:13-07:00,2,18
CV/cv.css,8,css,33212a55,lukkrim,2026-04-09,09:27:13,-07:00,2026-04-09T09:27:13-07:00,1,0
CV/cv.css,9,css,33212a55,lukkrim,2026-04-09,09:27:13,-07:00,2026-04-09T09:27:13-07:00,1,0
CV/cv.css,10,css,33212a55,lukkrim,2026-04-09,09:27:13,-07:00,2026-04-09T09:27:13-07:00,1,23
CV/cv.css,11,css,33212a55,lukkrim,2026-04-09,09:27:13,-07:00,2026-04-09T09:27:13-07:00,2,14
CV/cv.css,12,css,33212a55,lukkrim,2026-04-09,09:27:13,-07:00,2026-04-09T09:27:13-07:00,2,15
CV/cv.css,13,css,c2d4459a,lukkrim,2026-04-22,16:13:15,-07:00,2026-04-22T16:13:15-07:00,2,25
CV/cv.css,14,css,33212a55,lukkrim,2026-04-09,09:27:13,-07:00,2026-04-09T09:27:13-07:00,2,20
CV/cv.css,15,css,33212a55,lukkrim,2026-04-09,09:27:13,-07:00,2026-04-09T09:27:13-07:00,1,0
CV/cv.css,16,css,33212a55,lukkrim,2026-04-09,09:27:13,-07:00,2026-04-09T09:27:13-07:00,1,0
CV/cv.css,17,css,33212a55,lukkrim,2026-04-09,09:27:13,-07:00,2026-04-09T09:27:13-07:00,1,22
CV/cv.css,18,css,33212a55,lukkrim,2026-04-09,09:27:13,-07:00,2026-04-09T09:27:13-07:00,2,32
CV/cv.css,19,css,33212a55,lukkrim,2026-04-09,09:27:13,-07:00,2026-04-09T09:27:13-07:00,2,8
CV/cv.css,20,css,33212a55,lukkrim,2026-04-09,09:27:13,-07:00,2026-04-09T09:27:13-07:00,1,0
CV/cv.css,21,css,33212a55,lukkrim,2026-04-09,09:27:13,-07:00,2026-04-09T09:27:13-07:00,1,0
CV/cv.css,22,css,33212a55,lukkrim,2026-04-09,09:27:13,-07:00,2026-04-09T09:27:13-07:00,1,8
CV/cv.css,23,css,33212a55,lukkrim,2026-04-09,09:27:13,-07:00,2026-04-09T09:27:13-07:00,2,17
CV/cv.css,24,css,c2d4459a,lukkrim,2026-04-22,16:13:15,-07:00,2026-04-22T16:13:15-07:00,2,25
CV/cv.css,25,css,33212a55,lukkrim,2026-04-09,09:27:13,-07:00,2026-04-09T09:27:13-07:00,1,0
CV/cv.css,26,css,33212a55,lukkrim,2026-04-09,09:27:13,-07:00,2026-04-09T09:27:13-07:00,1,0
CV/cv.css,27,css,33212a55,lukkrim,2026-04-09,09:27:13,-07:00,2026-04-09T09:27:13-07:00,1,17
CV/cv.css,28,css,33212a55,lukkrim,2026-04-09,09:27:13,-07:00,2026-04-09T09:27:13-07:00,1,7
CV/cv.css,29,css,33212a55,lukkrim,2026-04-09,09:27:13,-07:00,2026-04-09T09:27:13-07:00,2,20
CV/cv.css,30,css,33212a55,lukkrim,2026-04-09,09:27:13,-07:00,2026-04-09T09:27:13-07:00,2,36
CV/cv.css,31,css,33212a55,lukkrim,2026-04-09,09:27:13,-07:00,2026-04-09T09:27:13-07:00,2,21
CV/cv.css,32,css,33212a55,lukkrim,2026-04-09,09:27:13,-07:00,2026-04-09T09:27:13-07:00,2,17
CV/cv.css,33,css,33212a55,lukkrim,2026-04-09,09:27:13,-07:00,2026-04-09T09:27:13-07:00,2,30
CV/cv.css,34,css,c2d4459a,lukkrim,2026-04-22,16:13:15,-07:00,2026-04-22T16:13:15-07:00,2,25
CV/cv.css,35,css,c2d4459a,lukkrim,2026-04-22,16:13:15,-07:00,2026-04-22T16:13:15-07:00,1,0
CV/cv.css,36,css,c2d4459a,lukkrim,2026-04-22,16:13:15,-07:00,2026-04-22T16:13:15-07:00,0,0
CV/cv.css,37,css,c2d4459a,lukkrim,2026-04-22,16:13:15,-07:00,2026-04-22T16:13:15-07:00,1,9
CV/cv.css,38,css,c2d4459a,lukkrim,2026-04-22,16:13:15,-07:00,2026-04-22T16:13:15-07:00,2,25
CV/cv.css,39,css,33212a55,lukkrim,2026-04-09,09:27:13,-07:00,2026-04-09T09:27:13-07:00,1,0
CV/cv.css,40,css,33212a55,lukkrim,2026-04-09,09:27:13,-07:00,2026-04-09T09:27:13-07:00,1,0
CV/cv.css,41,css,33212a55,lukkrim,2026-04-09,09:27:13,-07:00,2026-04-09T09:27:13-07:00,1,10
CV/cv.css,42,css,33212a55,lukkrim,2026-04-09,09:27:13,-07:00,2026-04-09T09:27:13-07:00,2,12
CV/cv.css,43,css,33212a55,lukkrim,2026-04-09,09:27:13,-07:00,2026-04-09T09:27:13-07:00,2,21
CV/cv.css,44,css,33212a55,lukkrim,2026-04-09,09:27:13,-07:00,2026-04-09T09:27:13-07:00,2,25
CV/cv.css,45,css,33212a55,lukkrim,2026-04-09,09:27:13,-07:00,2026-04-09T09:27:13-07:00,1,0
CV/cv.css,46,css,33212a55,lukkrim,2026-04-09,09:27:13,-07:00,2026-04-09T09:27:13-07:00,1,0
CV/cv.css,47,css,33212a55,lukkrim,2026-04-09,09:27:13,-07:00,2026-04-09T09:27:13-07:00,1,35
CV/cv.css,48,css,33212a55,lukkrim,2026-04-09,09:27:13,-07:00,2026-04-09T09:27:13-07:00,1,7
CV/cv.css,49,css,33212a55,lukkrim,2026-04-09,09:27:13,-07:00,2026-04-09T09:27:13-07:00,2,20
CV/cv.css,50,css,33212a55,lukkrim,2026-04-09,09:27:13,-07:00,2026-04-09T09:27:13-07:00,1,0
CV/cv.css,51,css,33212a55,lukkrim,2026-04-09,09:27:13,-07:00,2026-04-09T09:27:13-07:00,1,0
CV/cv.css,52,css,33212a55,lukkrim,2026-04-09,09:27:13,-07:00,2026-04-09T09:27:13-07:00,1,17
CV/cv.css,53,css,33212a55,lukkrim,2026-04-09,09:27:13,-07:00,2026-04-09T09:27:13-07:00,2,41
CV/cv.css,54,css,33212a55,lukkrim,2026-04-09,09:27:13,-07:00,2026-04-09T09:27:13-07:00,1,0
CV/cv.css,55,css,33212a55,lukkrim,2026-04-09,09:27:13,-07:00,2026-04-09T09:27:13-07:00,1,0
CV/cv.css,56,css,33212a55,lukkrim,2026-04-09,09:27:13,-07:00,2026-04-09T09:27:13-07:00,1,14
CV/cv.css,57,css,33212a55,lukkrim,2026-04-09,09:27:13,-07:00,2026-04-09T09:27:13-07:00,2,12
CV/cv.css,58,css,33212a55,lukkrim,2026-04-09,09:27:13,-07:00,2026-04-09T09:27:13-07:00,2,29
CV/cv.css,59,css,33212a55,lukkrim,2026-04-09,09:27:13,-07:00,2026-04-09T09:27:13-07:00,2,8
CV/cv.css,60,css,33212a55,lukkrim,2026-04-09,09:27:13,-07:00,2026-04-09T09:27:13-07:00,2,20
CV/cv.css,61,css,33212a55,lukkrim,2026-04-09,09:27:13,-07:00,2026-04-09T09:27:13-07:00,2,21
CV/cv.css,62,css,33212a55,lukkrim,2026-04-09,09:27:13,-07:00,2026-04-09T09:27:13-07:00,1,0
CV/cv.css,63,css,33212a55,lukkrim,2026-04-09,09:27:13,-07:00,2026-04-09T09:27:13-07:00,1,0
CV/cv.css,64,css,33212a55,lukkrim,2026-04-09,09:27:13,-07:00,2026-04-09T09:27:13-07:00,1,10
CV/cv.css,65,css,33212a55,lukkrim,2026-04-09,09:27:13,-07:00,2026-04-09T09:27:13-07:00,2,8
CV/cv.css,66,css,33212a55,lukkrim,2026-04-09,09:27:13,-07:00,2026-04-09T09:27:13-07:00,2,17
CV/cv.css,67,css,33212a55,lukkrim,2026-04-09,09:27:13,-07:00,2026-04-09T09:27:13-07:00,1,0
CV/cv.css,68,css,33212a55,lukkrim,2026-04-09,09:27:13,-07:00,2026-04-09T09:27:13-07:00,1,0
CV/cv.css,69,css,33212a55,lukkrim,2026-04-09,09:27:13,-07:00,2026-04-09T09:27:13-07:00,1,16
CV/cv.css,70,css,33212a55,lukkrim,2026-04-09,09:27:13,-07:00,2026-04-09T09:27:13-07:00,2,8
CV/cv.css,71,css,33212a55,lukkrim,2026-04-09,09:27:13,-07:00,2026-04-09T09:27:13-07:00,2,17
CV/cv.css,72,css,33212a55,lukkrim,2026-04-09,09:27:13,-07:00,2026-04-09T09:27:13-07:00,2,25
CV/cv.css,73,css,33212a55,lukkrim,2026-04-09,09:27:13,-07:00,2026-04-09T09:27:13-07:00,1,0
CV/cv.css,74,css,33212a55,lukkrim,2026-04-09,09:27:13,-07:00,2026-04-09T09:27:13-07:00,1,0
CV/cv.css,75,css,33212a55,lukkrim,2026-04-09,09:27:13,-07:00,2026-04-09T09:27:13-07:00,1,2
CV/cv.css,76,css,33212a55,lukkrim,2026-04-09,09:27:13,-07:00,2026-04-09T09:27:13-07:00,2,17
CV/cv.css,77,css,33212a55,lukkrim,2026-04-09,09:27:13,-07:00,2026-04-09T09:27:13-07:00,2,20
CV/cv.css,78,css,33212a55,lukkrim,2026-04-09,09:27:13,-07:00,2026-04-09T09:27:13-07:00,1,0
CV/cv.css,79,css,33212a55,lukkrim,2026-04-09,09:27:13,-07:00,2026-04-09T09:27:13-07:00,1,0
CV/cv.css,80,css,33212a55,lukkrim,2026-04-09,09:27:13,-07:00,2026-04-09T09:27:13-07:00,1,25
CV/cv.css,81,css,33212a55,lukkrim,2026-04-09,09:27:13,-07:00,2026-04-09T09:27:13-07:00,1,25
CV/cv.css,82,css,33212a55,lukkrim,2026-04-09,09:27:13,-07:00,2026-04-09T09:27:13-07:00,2,14
CV/cv.css,83,css,33212a55,lukkrim,2026-04-09,09:27:13,-07:00,2026-04-09T09:27:13-07:00,3,21
CV/cv.css,84,css,33212a55,lukkrim,2026-04-09,09:27:13,-07:00,2026-04-09T09:27:13-07:00,3,22
CV/cv.css,85,css,33212a55,lukkrim,2026-04-09,09:27:13,-07:00,2026-04-09T09:27:13-07:00,3,10
CV/cv.css,86,css,33212a55,lukkrim,2026-04-09,09:27:13,-07:00,2026-04-09T09:27:13-07:00,2,0
CV/cv.css,87,css,33212a55,lukkrim,2026-04-09,09:27:13,-07:00,2026-04-09T09:27:13-07:00,1,0
